Date,Ticker,Drop threshold (%),Holding period,Daily_Return,Return_5_Day_Later,Trade return,Trade return after costs,Cumulative return,Running peak,Drawdown
2010-01-22,SPY,-2.0,5,-0.02229210377593771,-0.016664931799111327,-0.016664931799111327,-0.017664931799111327,-0.017664931799111327,-0.017664931799111327,0.0
2010-02-04,SPY,-2.0,5,-0.03086609359478998,0.01587761074017857,0.01587761074017857,0.01487761074017857,-0.0030501330379916203,-0.0030501330379916203,0.0
2010-04-27,SPY,-2.0,5,-0.02365087108978614,-0.008102694046521197,-0.008102694046521197,-0.009102694046521198,-0.012125062656666796,-0.0030501330379916203,-0.009102694046521198
2010-05-04,SPY,-2.0,5,-0.023515181907790894,-0.014379796709194315,-0.014379796709194315,-0.015379796709194316,-0.02731837836711537,-0.0030501330379916203,-0.02434249317177406
2010-05-06,SPY,-2.0,5,-0.03321330874973283,0.027005514000628894,0.027005514000628894,0.026005514000628893,-0.002023292837587065,-0.002023292837587065,0.0
2010-05-20,SPY,-2.0,5,-0.03775941910744285,0.029942201971311144,0.029942201971311144,0.028942201971311143,0.026860350583771453,0.026860350583771453,0.0
2010-06-04,SPY,-2.0,5,-0.03513716523465116,0.026774059253746874,0.026774059253746874,0.025774059253746873,0.053326710105040975,0.053326710105040975,0.0
2010-06-29,SPY,-2.0,5,-0.030875176744249555,0.018232601013084437,0.018232601013084437,0.017232601013084436,0.07147826903670618,0.07147826903670618,0.0
2010-07-16,SPY,-2.0,5,-0.027534800050183494,0.03515857826293223,0.03515857826293223,0.03415857826293223,0.10807844334662775,0.10807844334662775,0.0
2010-08-11,SPY,-2.0,5,-0.02740694749704442,0.004482993742795038,0.004482993742795038,0.0034829937427950384,0.11193787363133034,0.11193787363133034,0.0
2011-02-22,SPY,-2.0,5,-0.02007045620350778,-0.006826847052889606,-0.006826847052889606,-0.007826847052889607,0.10323490596210272,0.11193787363133034,-0.007826847052889496
2011-06-01,SPY,-2.0,5,-0.022461082683623013,-0.026162081877817323,-0.026162081877817323,-0.027162081877817323,0.0732687491158941,0.11193787363133034,-0.03477633547021097
2011-07-27,SPY,-2.0,5,-0.020475884978383374,-0.033920433507836245,-0.033920433507836245,-0.034920433507836246,0.03578973912635397,0.11193787363133034,-0.06848236426761356
2011-08-02,SPY,-2.0,5,-0.02554715191591872,-0.06382984281278636,-0.06382984281278636,-0.06482984281278636,-0.03136034684830458,0.11193787363133034,-0.12887250616948254
2011-08-04,SPY,-2.0,5,-0.04684116658243764,-0.024364134216878885,-0.024364134216878885,-0.025364134216878886,-0.055929053018635155,0.11193787363133034,-0.15096790084301304
2011-08-08,SPY,-2.0,5,-0.06512300510216362,0.07446973622549447,0.07446973622549447,0.07346973622549446,0.013431590434238583,0.11193787363133034,-0.08858973647097135
2011-08-10,SPY,-2.0,5,-0.04417764236245547,0.06572228502589361,0.06572228502589361,0.06472228502589361,0.0790231986845682,0.11193787363133034,-0.02960118161932057
2011-08-18,SPY,-2.0,5,-0.04311842394915166,0.015457502213586771,0.015457502213586771,0.01445750221358677,0.09462317896806205,0.11193787363133034,-0.015571638554519707
2011-09-02,SPY,-2.0,5,-0.02554985926464437,-0.010012972114589513,-0.010012972114589513,-0.011012972114589514,0.08256812442210348,0.11193787363133034,-0.026413120647929778
2011-09-09,SPY,-2.0,5,-0.02620950699303759,0.05373252149299157,0.05373252149299157,0.05273252149299157,0.13965467131081977,0.13965467131081977,0.0
2011-09-21,SPY,-2.0,5,-0.029458027588215696,-0.012775469850623278,-0.012775469850623278,-0.013775469850623279,0.12395539274605549,0.13965467131081977,-0.01377546985062339
2011-09-22,SPY,-2.0,5,-0.032324462058276326,0.028265250761185134,0.028265250761185134,0.027265250761185134,0.15460031837366284,0.15460031837366284,0.0
2011-09-28,SPY,-2.0,5,-0.020418502969332675,-0.006253163874675116,-0.006253163874675116,-0.007253163874675116,0.1462258130547467,0.15460031837366284,-0.007253163874675006
2011-09-30,SPY,-2.0,5,-0.024989212857507437,0.022625056824657763,0.022625056824657763,0.021625056824657762,0.17101301139594494,0.17101301139594494,0.0
2011-10-03,SPY,-2.0,5,-0.028457701275012126,0.0877829041943432,0.0877829041943432,0.0867829041943432,0.2726369213742488,0.2726369213742488,0.0
2011-10-31,SPY,-2.0,5,-0.024105963481224735,0.006055800772855724,0.006055800772855724,0.005055800772855724,0.27907112010489765,0.27907112010489765,0.0
2011-11-01,SPY,-2.0,5,-0.027888102377168544,0.048196340093082046,0.048196340093082046,0.047196340093082045,0.33943859569260804,0.33943859569260804,0.0
2011-11-09,SPY,-2.0,5,-0.03690947616297613,0.007469944096782255,0.007469944096782255,0.006469944096782255,0.34810468852781185,0.34810468852781185,0.0
2011-11-23,SPY,-2.0,5,-0.022065712596191167,0.07215149585171443,0.07215149585171443,0.07115149585171443,0.44402435368127513,0.44402435368127513,0.0
2011-12-08,SPY,-2.0,5,-0.02193676646008036,-0.014279956739242317,-0.014279956739242317,-0.015279956739242317,0.42195972402661286,0.44402435368127513,-0.015279956739242317
2012-06-01,SPY,-2.0,5,-0.02517673317050584,0.038545691402854576,0.038545691402854576,0.037545691402854575,0.47534818501220455,0.47534818501220455,0.0
2012-06-21,SPY,-2.0,5,-0.022438777764431816,0.002642711604392556,0.002642711604392556,0.0016427116043925558,0.4777717565962438,0.4777717565962438,0.0
2012-11-07,SPY,-2.0,5,-0.022663595819231275,-0.027125488719081492,-0.027125488719081492,-0.028125488719081493,0.4362087037267188,0.4777717565962438,-0.028125488719081604
2013-04-15,SPY,-2.0,5,-0.023174055369344804,0.006768716060694402,0.006768716060694402,0.005768716060694402,0.44449378394241634,0.4777717565962438,-0.022519020616875718
2013-06-20,SPY,-2.0,5,-0.024777971038102864,0.0158870490038987,0.0158870490038987,0.0148870490038987,0.465998033689794,0.4777717565962438,-0.007967213376420368
2014-01-24,SPY,-2.0,5,-0.021335683083007817,-0.003969211944926498,-0.003969211944926498,-0.0049692119449264984,0.458713178749544,0.4777717565962438,-0.012896834549468994
2014-02-03,SPY,-2.0,5,-0.02250519995543654,0.03353044807468719,0.03353044807468719,0.03253044807468719,0.5061657720667176,0.5061657720667176,0.0
2014-04-10,SPY,-2.0,5,-0.021005878374613207,0.01763493038493036,0.01763493038493036,0.016634930384930358,0.5312207348332123,0.5312207348332123,0.0
2015-06-29,SPY,-2.0,5,-0.020970721115986857,0.012657151952376822,0.012657151952376822,0.01165715195237682,0.5490704076117934,0.5490704076117934,0.0
2015-08-20,SPY,-2.0,5,-0.020881356420610953,-0.02304227517197832,-0.02304227517197832,-0.024042275171978322,0.5118272306112219,0.5490704076117934,-0.024042275171978433
2015-08-21,SPY,-2.0,5,-0.030102478603819538,0.007329655969933402,0.007329655969933402,0.006329655969933402,0.5213965768669684,0.5490704076117934,-0.01786479853261791
2015-08-24,SPY,-2.0,5,-0.042106597282451586,0.043113494978718414,0.043113494978718414,0.04211349497871841,0.585467903967495,0.585467903967495,0.0
2015-09-01,SPY,-2.0,5,-0.029848149683037173,0.01574822988212632,0.01574822988212632,0.014748229882126318,0.6088507490859405,0.6088507490859405,0.0
2015-09-28,SPY,-2.0,5,-0.025096749458013323,0.055634862814796904,0.055634862814796904,0.0546348628147969,0.6967500890517342,0.6967500890517342,0.0
2016-01-07,SPY,-2.0,5,-0.02399176035404116,-0.010924889403332916,-0.010924889403332916,-0.011924889403332917,0.6765165318946971,0.6967500890517342,-0.011924889403332917
2016-01-13,SPY,-2.0,5,-0.024940459406740834,-0.01133309511449454,-0.01133309511449454,-0.012333095114494541,0.6558398940458172,0.6967500890517342,-0.024110913722586336
2016-01-15,SPY,-2.0,5,-0.021466184344782202,-0.0009052074436134427,-0.0009052074436134427,-0.0019052074436134428,0.6526851755542491,0.6967500890517342,-0.025970184873903124
2016-06-24,SPY,-2.0,5,-0.035908775309093866,0.03286742662149966,0.03286742662149966,0.03186742662149966,0.7053519991146642,0.7053519991146642,0.0
2016-09-09,SPY,-2.0,5,-0.023934928749312023,0.005475366478151944,0.005475366478151944,0.004475366478151944,0.7129840742849516,0.7129840742849516,0.0
2018-02-02,SPY,-2.0,5,-0.021769864832683727,-0.05064453299634508,-0.05064453299634508,-0.05164453299634508,0.6245178117383288,0.7129840742849516,-0.05164453299634508
2018-02-05,SPY,-2.0,5,-0.04182269485332091,0.005342563650837295,0.005342563650837295,0.004342563650837295,0.6315723837377216,0.7129840742849516,-0.04752623901726205
2018-02-08,SPY,-2.0,5,-0.037508829422760015,0.05977539657427822,0.05977539657427822,0.058775396574278216,0.7274686976315465,0.7274686976315465,0.0
2018-03-22,SPY,-2.0,5,-0.024997372181432498,-0.0019721183940730747,-0.0019721183940730747,-0.0029721183940730747,0.7223344561401304,0.7274686976315465,-0.0029721183940730755
2018-03-23,SPY,-2.0,5,-0.02131439980618255,-0.002247522070355501,-0.002247522070355501,-0.003247522070355501,0.7167411369812815,0.7274686976315465,-0.006209988444348169
2018-04-02,SPY,-2.0,5,-0.02158446602095032,0.013710362589368419,0.013710362589368419,0.012710362589368418,0.7385615393043983,0.7385615393043983,0.0
2018-04-06,SPY,-2.0,5,-0.022285907187074572,0.02090709108204214,0.02090709108204214,0.01990709108204214,0.7731712422190664,0.7731712422190664,0.0
2018-10-10,SPY,-2.0,5,-0.03166331246511156,0.007725623512172097,0.007725623512172097,0.006725623512172097,0.7850969244168426,0.7850969244168426,0.0
2018-10-11,SPY,-2.0,5,-0.022026401844744692,0.015541934149945202,0.015541934149945202,0.014541934149945202,0.8110556863429823,0.8110556863429823,0.0
2018-10-24,SPY,-2.0,5,-0.030298496587691348,0.020013439676454636,0.020013439676454636,0.019013439676454635,0.8454900843859645,0.8454900843859645,0.0
2018-12-04,SPY,-2.0,5,-0.0324022236555177,-0.017724343461481218,-0.017724343461481218,-0.01872434346148122,0.8109344941911638,0.8454900843859645,-0.01872434346148122
2018-12-07,SPY,-2.0,5,-0.023236166123191793,-0.011761382313598245,-0.011761382313598245,-0.012761382313598246,0.7878244667659078,0.8454900843859645,-0.03124677726959635
2018-12-21,SPY,-2.0,5,-0.02048942478278759,0.038304757594888716,0.038304757594888716,0.037304757594888716,0.8545188251208213,0.8545188251208213,0.0
2018-12-24,SPY,-2.0,5,-0.026423012107163468,0.06759405716395284,0.06759405716395284,0.06659405716395284,0.9780187577725441,0.9780187577725441,0.0
2019-01-03,SPY,-2.0,5,-0.023862802182289644,0.0600712716039562,0.0600712716039562,0.0590712716039562,1.094862841050646,1.094862841050646,0.0
2019-05-13,SPY,-2.0,5,-0.02513002741427528,0.011001867393985343,0.011001867393985343,0.010001867393985342,1.1158153813954224,1.1158153813954224,0.0
2019-08-05,SPY,-2.0,5,-0.030073022850784614,0.014974386309894783,0.014974386309894783,0.013974386309894782,1.1453826028954595,1.1453826028954595,0.0
2019-08-14,SPY,-2.0,5,-0.02956735007379241,0.030115810074050176,0.030115810074050176,0.029115810074050175,1.207847155297535,1.207847155297535,0.0
2019-08-23,SPY,-2.0,5,-0.02568702971825143,0.026680236448343386,0.026680236448343386,0.025680236448343385,1.264545192287378,1.264545192287378,0.0
2020-02-24,SPY,-2.0,5,-0.033165361574997054,-0.041343656907978366,-0.041343656907978366,-0.042343656907978366,1.1686560676125493,1.264545192287378,-0.04234365690797848
2020-02-25,SPY,-2.0,5,-0.03030199820233237,-0.03969346057799805,-0.03969346057799805,-0.04069346057799805,1.0804059474179217,1.264545192287378,-0.08131400755286333
2020-02-27,SPY,-2.0,5,-0.044911861342699866,0.016638446962748965,0.016638446962748965,0.015638446962748964,1.1129402654876048,1.264545192287378,-0.06694718538455824
2020-03-03,SPY,-2.0,5,-0.028632795160714153,-0.03936811457481326,-0.03936811457481326,-0.04036811457481326,1.027644850760665,1.264545192287378,-0.10461276830930633
2020-03-05,SPY,-2.0,5,-0.03324168436205588,-0.17969335889137117,-0.17969335889137117,-0.18069335889137117,0.6612628920379275,1.264545192287378,-0.2664032947119441
2020-03-09,SPY,-2.0,5,-0.0780945721053663,-0.1253693053540188,-0.1253693053540188,-0.1263693053540188,0.4513302543606863,1.264545192287378,-0.35910740076919256
2020-03-11,SPY,-2.0,5,-0.04874841564805177,-0.1252368737268552,-0.1252368737268552,-0.12623687372685521,0.26811886030499177,1.264545192287378,-0.440011678890768
2020-03-12,SPY,-2.0,5,-0.09567715592157777,-0.030631794637899334,-0.030631794637899334,-0.031631794637899335,0.2280059849393774,1.264545192287378,-0.4577251144637172
2020-03-16,SPY,-2.0,5,-0.10942373156108132,-0.06499463497970892,-0.06499463497970892,-0.06599463497970892,0.1469641782104052,1.264545192287378,-0.4935123475933477
2020-03-18,SPY,-2.0,5,-0.05063291977445039,0.03433810235921708,0.03433810235921708,0.03333810235921708,0.18520178738593907,1.264545192287378,-0.4766270103937351
2020-03-20,SPY,-2.0,5,-0.04309408861978936,0.10760494118824537,0.10760494118824537,0.10660494118824537,0.3115501542264205,1.264545192287378,-0.42083286361724304
2020-03-23,SPY,-2.0,5,-0.025568085938363794,0.17358136354662013,0.17358136354662013,0.17258136354662013,0.537899268202596,1.264545192287378,-0.3208794094989156
2020-03-27,SPY,-2.0,5,-0.02978558398607778,-0.020637584752057014,-0.020637584752057014,-0.021637584752057015,0.5046228424467358,1.264545192287378,-0.3355739388327498
2020-04-01,SPY,-2.0,5,-0.04500499036728045,0.11326440043032138,0.11326440043032138,0.11226440043032138,0.6735384237277846,1.264545192287378,-0.26098254544552835
2020-04-15,SPY,-2.0,5,-0.021248264042214027,0.004824625024168361,0.004824625024168361,0.003824625024168361,0.6799390806620813,1.264545192287378,-0.2581560807955421
2020-04-21,SPY,-2.0,5,-0.03036337541914025,0.046476742611948785,0.046476742611948785,0.045476742611948784,0.7563372378371045,1.264545192287378,-0.22441943582364166
2020-05-01,SPY,-2.0,5,-0.02647323308966787,0.03412431562284879,0.03412431562284879,0.03312431562284879,0.8145147068433829,1.264545192287378,-0.198728860424917
2020-06-11,SPY,-2.0,5,-0.05764872604008375,0.03715756831637829,0.03715756831637829,0.036157568316378286,0.8801231463171455,1.264545192287378,-0.16975684445578865
2020-06-24,SPY,-2.0,5,-0.025508629567981056,0.02114538923544318,0.02114538923544318,0.02014538923544318,0.9179989589102706,1.264545192287378,-0.1530312729272879
2020-06-26,SPY,-2.0,5,-0.023751683737561535,0.05665725915023989,0.05665725915023989,0.05565725915023989,1.0247495240162299,1.264545192287378,-0.10589131499245319
2020-09-03,SPY,-2.0,5,-0.034414142194587494,-0.03280350413190791,-0.03280350413190791,-0.03380350413190791,0.9563058951150687,1.264545192287378,-0.13611532162048057
2020-09-08,SPY,-2.0,5,-0.027322961520256817,0.020887874391503747,0.020887874391503747,0.019887874391503746,0.9952126610284757,1.264545192287378,-0.11893449164812386
2020-09-23,SPY,-2.0,5,-0.023190900232742395,0.03796800552422597,0.03796800552422597,0.036968005524225966,1.0689716937033817,1.264545192287378,-0.08636325706816694
2020-10-28,SPY,-2.0,5,-0.03417913866255784,0.05167487494591749,0.05167487494591749,0.05067487494591749,1.1738165755484435,1.264545192287378,-0.04006482937410094
2021-01-27,SPY,-2.0,5,-0.024440516239441545,0.01987101266321689,0.01987101266321689,0.01887101266321689,1.2148386956731292,1.264545192287378,-0.021949880613352346
2021-01-29,SPY,-2.0,5,-0.02001985562504527,0.04766696305727325,0.04766696305727325,0.04666696305727325,1.318198491261926,1.318198491261926,0.0
2021-02-25,SPY,-2.0,5,-0.02409595900999084,-0.014725162029047723,-0.014725162029047723,-0.015725162029047723,1.2817444443713382,1.318198491261926,-0.015725162029047723
2021-05-12,SPY,-2.0,5,-0.021245043189694557,0.013443072990522609,0.013443072990522609,0.012443072990522608,1.3101363570383704,1.318198491261926,-0.003477758377440243
2021-09-28,SPY,-2.0,5,-0.020151822321544555,-0.0014292731898937205,-0.0014292731898937205,-0.0024292731898937206,1.3045244047212181,1.318198491261926,-0.005898583142146863
2021-11-26,SPY,-2.0,5,-0.022303289600536513,-0.012092030910894502,-0.012092030910894502,-0.013092030910894503,1.2743534999796973,1.318198491261926,-0.018913389620213827
2022-02-03,SPY,-2.0,5,-0.023504946304639285,0.006090378303257982,0.006090378303257982,0.005090378303257982,1.2859308196899328,1.318198491261926,-0.013919287625119625
2022-02-17,SPY,-2.0,5,-0.021361350826183068,0.0015785742532847813,0.0015785742532847813,0.0005785742532847813,1.2872534004069958,1.318198491261926,-0.013348766713278781
2022-03-07,SPY,-2.0,5,-0.029479127531899074,-0.005793665608764487,-0.005793665608764487,-0.006793665608764487,1.271714565642121,1.318198491261926,-0.02005174526470388
2022-04-22,SPY,-2.0,5,-0.027439207790885933,-0.032954532345796594,-0.032954532345796594,-0.033954532345796595,1.1945795599426083,1.318198491261926,-0.05332542997732037
2022-04-26,SPY,-2.0,5,-0.0289608727340116,0.0006730092144993094,0.0006730092144993094,-0.0003269907855006906,1.1938619526484588,1.318198491261926,-0.05363498383858567
2022-04-29,SPY,-2.0,5,-0.03695559392773051,-0.0016020702131167575,-0.0016020702131167575,-0.0026020702131167575,1.1881533698097821,1.318198491261926,-0.056097492057875065
2022-05-05,SPY,-2.0,5,-0.03554301455181286,-0.051883692454299024,-0.051883692454299024,-0.052883692454299025,1.0724357399579234,1.318198491261926,-0.10601454199472804
2022-05-09,SPY,-2.0,5,-0.03201720127317975,0.0048220269208791855,0.0048220269208791855,0.0038220269208791855,1.0803566451478348,1.318198491261926,-0.10259770550735736
2022-05-18,SPY,-2.0,5,-0.04031144603042269,0.01406111881823624,0.01406111881823624,0.01306111881823624,1.1075284304744177,1.318198491261926,-0.09087662751123127
2022-06-09,SPY,-2.0,5,-0.023782805313167676,-0.08666325968041177,-0.08666325968041177,-0.08766325968041178,0.9227756183898883,1.318198491261926,-0.17057334579524586
2022-06-10,SPY,-2.0,5,-0.028995708244383245,-0.05736175128968424,-0.05736175128968424,-0.05836175128968424,0.8105590659635489,1.318198491261926,-0.2189801379009786
2022-06-13,SPY,-2.0,5,-0.03796812850789466,0.004507268665890685,0.004507268665890685,0.0035072686658906846,0.8169091830433473,1.318198491261926,-0.2162408914112004
2022-06-16,SPY,-2.0,5,-0.03309606859855041,0.06849900477817594,0.06849900477817594,0.06749900477817594,0.9395487446711017,1.318198491261926,-0.16333793159562615
2022-06-28,SPY,-2.0,5,-0.020432874236847143,0.006830532576187709,0.006830532576187709,0.005830532576187709,0.9508573468100108,1.318198491261926,-0.15845974615053382
2022-08-22,SPY,-2.0,5,-0.020822484714314915,-0.025934405141488925,-0.025934405141488925,-0.026934405141488926,0.8983121646577799,1.318198491261926,-0.18112613229058672
2022-08-26,SPY,-2.0,5,-0.033848851643154654,-0.032247018449097054,-0.032247018449097054,-0.033247018449097054,0.8351989450972572,1.318198491261926,-0.20835124687780504
2022-09-13,SPY,-2.0,5,-0.04348260348043198,-0.018906667131849852,-0.018906667131849852,-0.019906667131849853,0.7986662505764841,1.318198491261926,-0.22411033509155265
2022-09-29,SPY,-2.0,5,-0.020888827162977575,0.02869431405779066,0.02869431405779066,0.02769431405779066,0.8484790786050982,1.318198491261926,-0.202622603037384
2022-10-07,SPY,-2.0,5,-0.02789391723630985,-0.014223251410685811,-0.014223251410685811,-0.015223251410685812,0.8203392168640999,1.318198491261926,-0.21476127962054414
2022-10-14,SPY,-2.0,5,-0.022788721074187723,0.04658446151814477,0.04658446151814477,0.04558446151814477,0.9033183998452115,1.318198491261926,-0.17896659538884951
2022-11-02,SPY,-2.0,5,-0.025096307784670757,-0.0019739433322000233,-0.0019739433322000233,-0.0029739433322000233,0.8976580387809381,1.318198491261926,-0.1814083022080064
2022-11-09,SPY,-2.0,5,-0.020602213911880773,0.05698555783115,0.05698555783115,0.05598555783115,1.0038994826548548,1.318198491261926,-0.13557898937117352
2022-12-15,SPY,-2.0,5,-0.024461561074910265,-0.01838074102942555,-0.01838074102942555,-0.019380741029425552,0.9650624257325213,1.318198491261926,-0.1523321091185651
2023-02-21,SPY,-2.0,5,-0.020060865020575025,-0.007091193543895757,-0.007091193543895757,-0.008091193543895758,0.9491627253200823,1.318198491261926,-0.15919075408463268
2024-07-24,SPY,-2.0,5,-0.022662531867334357,0.017700318489830114,0.017700318489830114,0.016700318489830113,0.9817143636214332,1.318198491261926,-0.14514897188865206
2024-08-05,SPY,-2.0,5,-0.029123696231264207,0.03071248449938624,0.03071248449938624,0.029712484499386238,1.040596020932746,1.318198491261926,-0.11974922396660925
2024-09-03,SPY,-2.0,5,-0.020579137680261428,-0.005959304661401488,-0.005959304661401488,-0.006959304661401488,1.0263948915322314,1.318198491261926,-0.12587515729546073
2024-12-18,SPY,-2.0,5,-0.02980346115350485,0.029139457016410963,0.029139457016410963,0.028139457016410963,1.083416543480777,1.318198491261926,-0.10127775885719947
2010-01-22,QQQ,-2.5,5,-0.02923699567773519,-0.031023812308814902,-0.031023812308814902,-0.0320238123088149,-0.0320238123088149,-0.0320238123088149,0.0
2010-01-28,QQQ,-2.5,5,-0.02572712440174052,-0.02135501184166899,-0.02135501184166899,-0.022355011841668992,-0.05366293144710499,-0.0320238123088149,-0.022355011841668992
2010-02-04,QQQ,-2.5,5,-0.028936258430009687,0.024636296027428894,0.024636296027428894,0.023636296027428894,-0.03129502835305942,-0.03129502835305942,0.0
2010-05-04,QQQ,-2.5,5,-0.03004173935792498,-0.014660614200281197,-0.014660614200281197,-0.015660614200281198,-0.046465543187916514,-0.03129502835305942,-0.015660614200281198
2010-05-06,QQQ,-2.5,5,-0.033416325361835475,0.027485554631917708,0.027485554631917708,0.026485554631917707,-0.02121065423860402,-0.02121065423860402,0.0
2010-05-20,QQQ,-2.5,5,-0.037125889179216,0.03427331302482228,0.03427331302482228,0.03327331302482228,0.011356910048275992,0.011356910048275992,0.0
2010-06-04,QQQ,-2.5,5,-0.03426838813772082,0.009093337988735684,0.009093337988735684,0.008093337988735683,0.019542163348540198,0.019542163348540198,0.0
2010-06-29,QQQ,-2.5,5,-0.038572597270789544,0.013604083809474643,0.013604083809474643,0.012604083809474642,0.03239255822267828,0.03239255822267828,0.0
2010-07-16,QQQ,-2.5,5,-0.027631565050661555,0.038790797481920825,0.038790797481920825,0.037790797481920824,0.07140749631231347,0.07140749631231347,0.0
2010-08-11,QQQ,-2.5,5,-0.027212237931723227,0.0033040140380815597,0.0033040140380815597,0.0023040140380815597,0.07387603422432298,0.07387603422432298,0.0
2011-01-28,QQQ,-2.5,5,-0.025358180661427254,0.029607116571538805,0.029607116571538805,0.028607116571538804,0.10459653111875977,0.10459653111875977,0.0
2011-02-22,QQQ,-2.5,5,-0.028945990534281152,-0.0033315426087972,-0.0033315426087972,-0.0043315426087972,0.09981192417868923,0.10459653111875977,-0.004331542608797201
2011-07-27,QQQ,-2.5,5,-0.0258260362533429,-0.022034516245868496,-0.022034516245868496,-0.023034516245868497,0.07447828854379535,0.10459653111875977,-0.02726628386607366
2011-08-02,QQQ,-2.5,5,-0.025289698719952125,-0.05757944888229649,-0.05757944888229649,-0.05857944888229649,0.011535942564906643,0.10459653111875977,-0.08424848886642733
2011-08-04,QQQ,-2.5,5,-0.046470805730164044,-0.019752549892335436,-0.019752549892335436,-0.020752549892335437,-0.009456007551062129,0.10459653111875977,-0.10325266779020836
2011-08-08,QQQ,-2.5,5,-0.06018957300082317,0.07452107028045885,0.07452107028045885,0.07352107028045884,0.06336984693366232,0.10459653111875977,-0.037322844154998536
2011-08-10,QQQ,-2.5,5,-0.040920559213651675,0.05348015835636222,0.05348015835636222,0.052480158356362216,0.11917566489212161,0.11917566489212161,0.0
2011-08-18,QQQ,-2.5,5,-0.04908499001318689,0.017271731092884046,0.017271731092884046,0.016271731092884045,0.137386590356946,0.137386590356946,0.0
2011-09-22,QQQ,-2.5,5,-0.03250277853214123,0.005598833399710568,0.005598833399710568,0.004598833399710568,0.1426172417970626,0.1426172417970626,0.0
2011-09-30,QQQ,-2.5,5,-0.02579780557200606,0.030101024767929863,0.030101024767929863,0.02910102476792986,0.17586857445086257,0.17586857445086257,0.0
2011-10-03,QQQ,-2.5,5,-0.025719179838755823,0.09386003083629224,0.09386003083629224,0.09286003083629224,0.2850597665337966,0.2850597665337966,0.0
2011-11-01,QQQ,-2.5,5,-0.02605721534472727,0.04323182233784717,0.04323182233784717,0.04223182233784717,0.3393301822875674,0.3393301822875674,0.0
2011-11-09,QQQ,-2.5,5,-0.03515597704550866,0.006336619307178992,0.006336619307178992,0.005336619307178992,0.34647767759705084,0.34647767759705084,0.0
2012-06-01,QQQ,-2.5,5,-0.02658700643152001,0.04072147031891116,0.04072147031891116,0.039721470318911156,0.3999617507027984,0.3999617507027984,0.0
2014-04-04,QQQ,-2.5,5,-0.026597522249508954,-0.026166480134873327,-0.026166480134873327,-0.027166480134873328,0.3619297176127483,0.3999617507027984,-0.027166480134873328
2014-04-10,QQQ,-2.5,5,-0.03097201051119225,0.012925764088953962,0.012925764088953962,0.01192576408895396,0.37817177013073366,0.3999617507027984,-0.015564697079135104
2015-01-27,QQQ,-2.5,5,-0.025926404440616335,0.014984385584925208,0.014984385584925208,0.013984385584925207,0.39744465556650055,0.3999617507027984,-0.0017979742196772008
2015-08-20,QQQ,-2.5,5,-0.02769481822950748,-0.013447410582282049,-0.013447410582282049,-0.01444741058228205,0.3772551988615156,0.3999617507027984,-0.01621940873019123
2015-08-21,QQQ,-2.5,5,-0.04370537761310678,0.03144521914923848,0.03144521914923848,0.03044521914923848,0.4191860352152825,0.4191860352152825,0.0
2015-08-24,QQQ,-2.5,5,-0.038476418689367464,0.05941488095058167,0.05941488095058167,0.05841488095058167,0.5020876185091114,0.5020876185091114,0.0
2015-09-01,QQQ,-2.5,5,-0.031252878036253984,0.02780764684721304,0.02780764684721304,0.02680764684721304,0.5423550529196748,0.5423550529196748,0.0
2015-09-28,QQQ,-2.5,5,-0.02846882636668313,0.05510552050751594,0.05510552050751594,0.054105520507515936,0.6258049758652913,0.6258049758652913,0.0
2016-01-07,QQQ,-2.5,5,-0.03131343349555149,-0.007628576549436272,-0.007628576549436272,-0.008628576549436273,0.6117765931765833,0.6258049758652913,-0.008628576549436273
2016-01-13,QQQ,-2.5,5,-0.03448916569304017,-0.010304658305231529,-0.010304658305231529,-0.01130465830523153,0.5935560095263519,0.6258049758652913,-0.01983569174511579
2016-01-15,QQQ,-2.5,5,-0.03103685376033316,0.013784365515742136,0.013784365515742136,0.012784365515742135,0.613928612021944,0.6258049758652913,-0.007304912962900922
2016-02-05,QQQ,-2.5,5,-0.03472715464689202,-0.0010193914823619643,-0.0010193914823619643,-0.0020193914823619643,0.6106694583296866,0.6258049758652913,-0.009309552966246248
2016-06-24,QQQ,-2.5,5,-0.04118766494312864,0.036340684430439474,0.036340684430439474,0.03534068443043947,0.6675916193782632,0.6675916193782632,0.0
2016-09-09,QQQ,-2.5,5,-0.0251642154254188,0.028909732582719894,0.028909732582719894,0.027909732582719893,0.7141336555322955,0.7141336555322955,0.0
2017-05-17,QQQ,-2.5,5,-0.025426571768324413,0.027265501515479018,0.027265501515479018,0.026265501515479017,0.7591562356594124,0.7591562356594124,0.0
2017-06-09,QQQ,-2.5,5,-0.025004883413035417,-0.0103848408453866,-0.0103848408453866,-0.011384840845386601,0.7391285218942605,0.7591562356594124,-0.011384840845386601
2018-02-05,QQQ,-2.5,5,-0.039426310641685,0.004743357434375373,0.004743357434375373,0.0037433574343753726,0.7456387015760277,0.7591562356594124,-0.007684100939629013
2018-02-08,QQQ,-2.5,5,-0.04219477661674653,0.0798307227638897,0.0798307227638897,0.0788307227638897,0.8832486621058837,0.8832486621058837,0.0
2018-03-23,QQQ,-2.5,5,-0.026351525780067386,-0.018926242378200397,-0.018926242378200397,-0.0199262423782004,0.8457225928063403,0.8832486621058837,-0.0199262423782004
2018-03-27,QQQ,-2.5,5,-0.03236015464191466,0.00414887606412373,0.00414887606412373,0.00314887606412373,0.8515345444998408,0.8832486621058837,-0.01684011158174914
2018-04-02,QQQ,-2.5,5,-0.028851403065646264,0.014275782912992696,0.014275782912992696,0.013275782912992695,0.8761151151685276,0.8832486621058837,-0.0037878943343463423
2018-04-06,QQQ,-2.5,5,-0.025023066103064484,0.030262029651418443,0.030262029651418443,0.029262029651418442,0.9310140512980631,0.9310140512980631,0.0
2018-10-10,QQQ,-2.5,5,-0.04397929760390318,0.03237648994746545,0.03237648994746545,0.03137648994746545,0.9916024942670316,0.9916024942670316,0.0
2018-10-24,QQQ,-2.5,5,-0.04576719405428653,0.02709620084770248,0.02709620084770248,0.026096200847702478,1.043575752966209,1.043575752966209,0.0
2018-10-26,QQQ,-2.5,5,-0.025722230269332957,0.01632056951635774,0.01632056951635774,0.01532056951635774,1.0748844973514706,1.0748844973514706,0.0
2018-11-12,QQQ,-2.5,5,-0.0302588582630261,-0.025671778185815453,-0.025671778185815453,-0.026671778185815453,1.0195436382769252,1.0748844973514706,-0.026671778185815342
2018-11-19,QQQ,-2.5,5,-0.03247744813024511,0.008515083957667757,0.008515083957667757,0.007515083957667757,1.0347206782747502,1.0748844973514706,-0.01935713488051427
2018-12-04,QQQ,-2.5,5,-0.03835640007272734,-0.004043106873184987,-0.004043106873184987,-0.005043106873184987,1.0244593644371314,1.0748844973514706,-0.024302621653738088
2018-12-07,QQQ,-2.5,5,-0.03301562997571894,-0.0018588231882457062,-0.0018588231882457062,-0.0028588231882457063,1.0186717930624174,1.0748844973514706,-0.027091967943664863
2018-12-21,QQQ,-2.5,5,-0.0309931423594485,0.04832474296782152,0.04832474296782152,0.04732474296782152,1.114204916805488,1.114204916805488,0.0
2019-01-03,QQQ,-2.5,5,-0.03267056051501571,0.07649209849496508,0.07649209849496508,0.07549209849496508,1.2738106826235076,1.2738106826235076,0.0
2019-05-13,QQQ,-2.5,5,-0.034702381942979144,0.007671411092464275,0.007671411092464275,0.006671411092464275,1.2889802084337263,1.2889802084337263,0.0
2019-08-05,QQQ,-2.5,5,-0.035335372627048445,0.020030291066020167,0.020030291066020167,0.019030291066020166,1.3325401680445794,1.3325401680445794,0.0
2019-08-14,QQQ,-2.5,5,-0.029884795650060525,0.032118502963149,0.032118502963149,0.031118502963148997,1.405125326175539,1.405125326175539,0.0
2019-08-23,QQQ,-2.5,5,-0.03164578286775055,0.029659078093732694,0.029659078093732694,0.028659078093732693,1.4740540007236178,1.4740540007236178,0.0
2020-02-24,QQQ,-2.5,5,-0.03856355984792148,-0.022449133742361127,-0.022449133742361127,-0.023449133742361128,1.4160395775748262,1.4740540007236178,-0.023449133742361017
2020-02-25,QQQ,-2.5,5,-0.027191722932155993,-0.02734806204922169,-0.02734806204922169,-0.02834806204922169,1.3475495377163598,1.4740540007236178,-0.051132458293253746
2020-02-27,QQQ,-2.5,5,-0.050073662828018506,0.028933948879950044,0.028933948879950044,0.027933948879950043,1.4131258664960793,1.4740540007236178,-0.024626840889373502
2020-03-03,QQQ,-2.5,5,-0.03206688408251179,-0.025634993659143346,-0.025634993659143346,-0.026634993659143347,1.3488522743432414,1.4740540007236178,-0.050605898797583704
2020-03-05,QQQ,-2.5,5,-0.030382190347604032,-0.16196416569455863,-0.16196416569455863,-0.16296416569455863,0.9660735231151285,1.4740540007236178,-0.20532311641537082
2020-03-09,QQQ,-2.5,5,-0.06946443044897099,-0.12538113738043444,-0.12538113738043444,-0.12638113738043444,0.7175989150902806,1.4740540007236178,-0.3057552848127354
2020-03-11,QQQ,-2.5,5,-0.04355502341328488,-0.09537951916938214,-0.09537951916938214,-0.09637951916938214,0.5520575575280269,1.4740540007236178,-0.3726662566483686
2020-03-12,QQQ,-2.5,5,-0.0916913772876422,0.0019172361478392297,0.0019172361478392297,0.0009172361478392297,0.5534811608233188,1.4740540007236178,-0.3720908434622071
2020-03-16,QQQ,-2.5,5,-0.11978804623136297,0.008997785873387176,0.008997785873387176,0.007997785873387175,0.5659055705059248,1.4740540007236178,-0.3670689604802787
2020-03-18,QQQ,-2.5,5,-0.03041633872965932,0.03447619726333406,0.03447619726333406,0.03347619726333406,0.6183261342799347,1.4740540007236178,-0.3458808361472294
2020-03-20,QQQ,-2.5,5,-0.039175938371139085,0.08784370663013319,0.08784370663013319,0.08684370663013319,0.7588675743172186,1.4740540007236178,-0.2890747033804515
2020-03-27,QQQ,-2.5,5,-0.03439278708646554,-0.010415695714151574,-0.010415695714151574,-0.011415695714151575,0.7387888772873255,1.4740540007236178,-0.2971904102421532
2020-04-01,QQQ,-2.5,5,-0.04248946105987683,0.10015910623575164,0.10015910623575164,0.09915910623575164,0.9112056282918024,1.4740540007236178,-0.22750043946784992
2020-04-21,QQQ,-2.5,5,-0.03689936543458627,0.03226107022407554,0.03226107022407554,0.03126107022407554,0.9709519616504811,1.4740540007236178,-0.20335127645798678
2020-05-01,QQQ,-2.5,5,-0.028185064447591168,0.056970963149109766,0.056970963149109766,0.055970963149109765,1.0812680412646856,1.4740540007236178,-0.1587620801098315
2020-06-11,QQQ,-2.5,5,-0.04954913865150801,0.04384218357620484,0.04384218357620484,0.04284218357620484,1.1704341087598351,1.4740540007236178,-0.12272161071463239
2020-07-23,QQQ,-2.5,5,-0.02612011461055752,0.01209254887859057,0.01209254887859057,0.011092548878590569,1.194509755199014,1.4740540007236178,-0.1129903573013531
2020-09-03,QQQ,-2.5,5,-0.05070005908793884,-0.05901021203181123,-0.05901021203181123,-0.06001021203181123,1.0628167594836428,1.4740540007236178,-0.16621999403396015
2020-09-08,QQQ,-2.5,5,-0.04806351512700291,0.03374693013517582,0.03374693013517582,0.03274693013517582,1.1303676757881238,1.4740540007236178,-0.1389162584304836
2020-09-23,QQQ,-2.5,5,-0.030534199420573893,0.05178681954041631,0.05178681954041631,0.050786819540416306,1.2385622744931117,1.4740540007236178,-0.09518455383820601
2020-10-02,QQQ,-2.5,5,-0.02813136788043491,0.041558802770325975,0.041558802770325975,0.040558802770325975,1.3293556802733706,1.4740540007236178,-0.05848632261378506
2020-10-28,QQQ,-2.5,5,-0.03898677966230457,0.056213953621387036,0.056213953621387036,0.055213953621387035,1.4579686167716988,1.4740540007236178,-0.0065016300966811436
2020-10-30,QQQ,-2.5,5,-0.025362668229065743,0.09366007496275963,0.09366007496275963,0.09266007496275963,1.6857241730578747,1.6857241730578747,0.0
2021-01-27,QQQ,-2.5,5,-0.027876820664498925,0.021757669666383928,0.021757669666383928,0.020757669666383927,1.741473548257232,1.741473548257232,0.0
2021-02-22,QQQ,-2.5,5,-0.025919826154939818,0.0035666826634919158,0.0035666826634919158,0.0025666826634919157,1.7485100408859657,1.7485100408859657,0.0
2021-02-25,QQQ,-2.5,5,-0.03486254859485205,-0.027906309831389642,-0.027906309831389642,-0.028906309831389643,1.6690607580694308,1.7485100408859657,-0.02890630983138953
2021-03-03,QQQ,-2.5,5,-0.029020243543453228,0.00556341946429062,0.00556341946429062,0.00456341946429062,1.6812408018841793,1.7485100408859657,-0.024474801984024297
2021-03-08,QQQ,-2.5,5,-0.02831436831318379,0.06297970672344255,0.06297970672344255,0.06197970672344255,1.8474233204398884,1.8474233204398884,0.0
2021-03-18,QQQ,-2.5,5,-0.03063039684762403,-0.001015336316138371,-0.001015336316138371,-0.002015336316138371,1.8416848048147867,1.8474233204398884,-0.002015336316138372
2021-05-10,QQQ,-2.5,5,-0.02525448682544773,-0.004144290865570444,-0.004144290865570444,-0.005144290865570444,1.8270663516305476,1.8474233204398884,-0.0071492597055066165
2021-05-12,QQQ,-2.5,5,-0.025883185210382686,0.017987253593600983,0.017987253593600983,0.01698725359360098,1.8750904446716326,1.8750904446716326,0.0
2021-09-28,QQQ,-2.5,5,-0.028297565296968585,-0.006919055232252447,-0.006919055232252447,-0.007919055232252448,1.8523224446425566,1.8750904446716326,-0.007919055232252448
2021-12-16,QQQ,-2.5,5,-0.025714482585887488,0.027367791979804323,0.027367791979804323,0.026367791979804323,1.9275318895222187,1.9275318895222187,0.0
2022-01-05,QQQ,-2.5,5,-0.030720970641481715,0.007962624595091228,0.007962624595091228,0.006962624595091228,1.9479151950591205,1.9479151950591205,0.0
2022-01-13,QQQ,-2.5,5,-0.02501619150658796,-0.06876552034346084,-0.06876552034346084,-0.06976552034346084,1.742252357547426,1.9479151950591205,-0.06976552034346084
2022-01-21,QQQ,-2.5,5,-0.02772867619650743,0.0003128235721436834,0.0003128235721436834,-0.0006871764278563166,1.7403679463680861,1.9479151950591205,-0.07040475555025993
2022-02-03,QQQ,-2.5,5,-0.04054375488770012,0.013802916429534351,0.013802916429534351,0.01280291642953435,1.775452648171611,1.9479151950591205,-0.058503225322277475
2022-02-11,QQQ,-2.5,5,-0.031721806091946525,-0.015991304505025616,-0.015991304505025616,-0.016991304505025617,1.7282940870872476,1.9479151950591205,-0.07450048371132612
2022-02-17,QQQ,-2.5,5,-0.02974362562015076,0.0009258180458329157,0.0009258180458329157,-7.41819541670843e-05,1.728091696900325,1.9479151950591205,-0.07456913907402507
2022-02-23,QQQ,-2.5,5,-0.025615229840581955,0.054034066051899865,0.054034066051899865,0.053034066051899864,1.8727734921493764,1.9479151950591205,-0.025489777669210456
2022-03-07,QQQ,-2.5,5,-0.03688103970179546,-0.020593624568890023,-0.020593624568890023,-0.021593624568890024,1.8107398998884436,1.9479151950591205,-0.04653298554876706
2022-04-22,QQQ,-2.5,5,-0.026185770473025505,-0.037338534395460754,-0.037338534395460754,-0.038338534395460755,1.7029802515598766,1.9479151950591205,-0.08308751347724286
2022-04-26,QQQ,-2.5,5,-0.03774481577635702,0.005297104982995293,0.005297104982995293,0.004297104982995293,1.714595241467793,1.9479151950591205,-0.07914744426243514
2022-04-29,QQQ,-2.5,5,-0.044998539957452954,-0.012769223275266195,-0.012769223275266195,-0.013769223275266196,1.6772173734860476,1.9479151950591205,-0.09182686870598533
2022-05-05,QQQ,-2.5,5,-0.05036399131945746,-0.06980854188503505,-0.06980854188503505,-0.07080854188503505,1.487647514960217,1.9479151950591205,-0.15613328391208103
2022-05-09,QQQ,-2.5,5,-0.03912716404300853,0.004341130553931372,0.004341130553931372,0.0033411305539313716,1.4959590700798624,1.9479151950591205,-0.15331381504351382
2022-05-11,QQQ,-2.5,5,-0.02965813754609392,-0.002398528739186223,-0.002398528739186223,-0.003398528739186223,1.4874764814483634,1.9479151950591205,-0.1561913023761604
2022-05-18,QQQ,-2.5,5,-0.0490903384333381,0.0004122848620427,0.0004122848620427,-0.0005877151379573,1.4860145538649037,1.9479151950591205,-0.15668722152129388
2022-06-03,QQQ,-2.5,5,-0.026019508352521648,-0.05669533131821247,-0.05669533131821247,-0.05769533131821247,1.3425831205177698,1.9479151950591205,-0.20534243168050526
2022-06-09,QQQ,-2.5,5,-0.026784806764372338,-0.09355366849994429,-0.09355366849994429,-0.09455366849994429,1.1210832927067678,1.9479151950591205,-0.2804802199663585
2022-06-10,QQQ,-2.5,5,-0.03527051004395787,-0.04898874668893438,-0.04898874668893438,-0.04998874668893438,1.015052997281518,1.9479151950591205,-0.31644811198813805
2022-06-13,QQQ,-2.5,5,-0.04649620678990951,0.02254929821978746,0.02254929821978746,0.02154929821978746,1.058475975248614,1.9479151950591205,-0.30171804850467177
2022-06-16,QQQ,-2.5,5,-0.040346406255574174,0.0876464048341159,0.0876464048341159,0.0866464048341159,1.2368355179413073,1.9479151950591205,-0.24121442784705094
2022-06-28,QQQ,-2.5,5,-0.03046653027325341,0.01855100116356656,0.01855100116356656,0.01755100116356656,1.2760942207194024,1.9479151950591205,-0.22789698138729686
2022-08-22,QQQ,-2.5,5,-0.02632708626532909,-0.031651625799390626,-0.031651625799390626,-0.03265162579939063,1.201776043940317,1.9479151950591205,-0.25310740022961875
2022-08-26,QQQ,-2.5,5,-0.04098805616910317,-0.03991011895171459,-0.03991011895171459,-0.04091011895171459,1.1117011240776828,1.9479151950591205,-0.28366286533038054
2022-09-13,QQQ,-2.5,5,-0.054836685907715066,-0.015155383756374152,-0.015155383756374152,-0.016155383756374153,1.0775857820394412,1.9479151950591205,-0.2952355666399097
2022-09-29,QQQ,-2.5,5,-0.02882764663686188,0.029021074368541067,0.029021074368541067,0.028021074368541066,1.1358019677449915,1.9479151950591205,-0.27548731004042404
2022-10-07,QQQ,-2.5,5,-0.03810402212593833,-0.031066599680279583,-0.031066599680279583,-0.032066599680279584,1.0673140610489593,1.9479151950591205,-0.29871996843264026
2022-10-14,QQQ,-2.5,5,-0.030057238501264405,0.05630125313628276,0.05630125313628276,0.05530125313628276,1.1816391192512241,1.9479151950591205,-0.2599383038875135
2022-11-02,QQQ,-2.5,5,-0.03427738844953454,-0.00888240793515005,-0.00888240793515005,-0.00988240793515005,1.160079271507502,1.9479151950591205,-0.2672518954656762
2022-12-15,QQQ,-2.5,5,-0.03357658953003628,-0.03427844436602967,-0.03427844436602967,-0.03527844436602967,1.0838750351014106,1.9479151950591205,-0.293102108705804
2024-07-17,QQQ,-2.5,5,-0.029354954091179386,-0.038171653897826396,-0.038171653897826396,-0.0391716538978264,1.0022462034600972,1.9479151950591205,-0.32079246824468366
2024-07-24,QQQ,-2.5,5,-0.035870314380553325,0.01659547109233861,0.01659547109233861,0.015595471092338609,1.0334721762459043,1.9479151950591205,-0.31019990681749476
2024-08-05,QQQ,-2.5,5,-0.029816187819319717,0.036773394119424596,0.036773394119424596,0.035773394119424595,1.1062163778376326,1.9479151950591205,-0.2855234162204614
2024-09-03,QQQ,-2.5,5,-0.03036095051398424,-0.006820924473087353,-0.006820924473087353,-0.007820924473087354,1.0897438186225847,1.9479151950591205,-0.2911112836199907
2024-09-06,QQQ,-2.5,5,-0.026787343464141244,0.05939519791022474,0.05939519791022474,0.05839519791022474,1.211774822492719,1.9479151950591205,-0.24971558673065497
2024-10-31,QQQ,-2.5,5,-0.025242831680748257,0.0613620695536794,0.0613620695536794,0.0603620695536794,1.3452821281651013,1.9479151950591205,-0.2044268667918493
2024-12-18,QQQ,-2.5,5,-0.03607675530705501,0.027076157753037178,0.027076157753037178,0.026076157753037177,1.406438074914513,1.9479151950591205,-0.1836813762662356
2010-01-21,XLF,-2.5,5,-0.02849587788728125,-0.02592097187773157,-0.02592097187773157,-0.02692097187773157,-0.02692097187773157,-0.02692097187773157,0.0
2010-01-22,XLF,-2.5,5,-0.032742449591467326,0.0,0.0,-0.001,-0.02789405090585384,-0.02692097187773157,-0.0010000000000000009
2010-02-04,XLF,-2.5,5,-0.043055576784088334,0.01161101806015119,0.01161101806015119,0.01061101806015119,-0.01757901712363552,-0.01757901712363552,0.0
2010-04-16,XLF,-2.5,5,-0.036513848589737496,0.025672441377612376,0.025672441377612376,0.024672441377612375,0.00665970698451801,0.00665970698451801,0.0
2010-04-27,XLF,-2.5,5,-0.03389851751192363,0.003759703681688986,0.003759703681688986,0.002759703681688986,0.009437789484091352,0.009437789484091352,0.0
2010-05-04,XLF,-2.5,5,-0.02732265469325157,-0.009363318799611386,-0.009363318799611386,-0.010363318799611387,-0.0010233361367072424,0.009437789484091352,-0.010363318799611387
2010-05-06,XLF,-2.5,5,-0.042058984548852485,0.03276541428720314,0.03276541428720314,0.03176541428720314,0.030709571454158535,0.030709571454158535,0.0
2010-05-14,XLF,-2.5,5,-0.02601512814132867,-0.03908794022713613,-0.03908794022713613,-0.04008794022713613,-0.010609452237832828,0.030709571454158535,-0.04008794022713613
2010-05-18,XLF,-2.5,5,-0.02864644232467939,-0.03083073222476518,-0.03083073222476518,-0.03183073222476518,-0.04210247782936416,0.030709571454158535,-0.07064264396108899
2010-05-20,XLF,-2.5,5,-0.04618454520934623,0.05333364594244383,0.05333364594244383,0.05233364594244383,0.008027791945058205,0.030709571454158535,-0.022005985136142825
2010-05-24,XLF,-2.5,5,-0.028475495645601034,0.0027919764636394895,0.0027919764636394895,0.0017919764636394895,0.009834154022918318,0.030709571454158535,-0.020253442879926364
2010-06-04,XLF,-2.5,5,-0.04002716548663654,0.025441538335679414,0.025441538335679414,0.024441538335679414,0.034516054211148006,0.034516054211148006,0.0
2010-06-29,XLF,-2.5,5,-0.0358624610061572,0.015737242377336313,0.015737242377336313,0.014737242377336313,0.049761968045303195,0.049761968045303195,0.0
2010-07-16,XLF,-2.5,5,-0.04203405600911525,0.03043172471992328,0.03043172471992328,0.02943172471992328,0.08065827331025766,0.08065827331025766,0.0
2010-08-11,XLF,-2.5,5,-0.035302071147360614,-0.0007035405482571644,-0.0007035405482571644,-0.0017035405482571644,0.07881732812286413,0.08065827331025766,-0.0017035405482570543
2011-02-22,XLF,-2.5,5,-0.030850157580840865,-0.009609086851228965,-0.009609086851228965,-0.010609086851228966,0.06737206139219798,0.08065827331025766,-0.01229455438985494
2011-06-01,XLF,-2.5,5,-0.03345952853462342,-0.035924138502927416,-0.035924138502927416,-0.03692413850292742,0.02796026756319736,0.08065827331025766,-0.04876472706365953
2011-07-11,XLF,-2.5,5,-0.02716704455357699,-0.025930687117657003,-0.025930687117657003,-0.026930687117657004,0.00027659122807000003,0.08065827331025766,-0.07438214657438713
2011-08-02,XLF,-2.5,5,-0.02711844787964912,-0.08710790504130483,-0.08710790504130483,-0.08810790504130483,-0.0878556836868929,0.08065827331025766,-0.1559363965085474
2011-08-04,XLF,-2.5,5,-0.05062433983185277,-0.05989788406187735,-0.05989788406187735,-0.06089788406187735,-0.14340334250942888,0.08065827331025766,-0.20733808397482034
2011-08-08,XLF,-2.5,5,-0.09456379764143241,0.0847032053192176,0.0847032053192176,0.0837032053192176,-0.07170345661174016,0.08065827331025766,-0.14098974086904037
2011-08-10,XLF,-2.5,5,-0.06946563164268349,0.06726775587126066,0.06726775587126066,0.06626775587126066,-0.010187327898351972,0.08065827331025766,-0.08406505872604164
2011-08-18,XLF,-2.5,5,-0.04842417064146509,0.022617198154677665,0.022617198154677665,0.021617198154677664,0.011209648770480252,0.08065827331025766,-0.06426511160372961
2011-09-02,XLF,-2.5,5,-0.041284994836161215,-0.013556349698424786,-0.013556349698424786,-0.014556349698424786,-0.0035098724954442106,0.08065827331025766,-0.07788599586424227
2011-09-09,XLF,-2.5,5,-0.031671122064849344,0.059702577748868224,0.059702577748868224,0.05870257774886822,0.054986666690371555,0.08065827331025766,-0.02375552684314275
2011-09-19,XLF,-2.5,5,-0.027110831409489777,-0.028662749862461312,-0.028662749862461312,-0.029662749862461313,0.023692861088103312,0.08065827331025766,-0.05271362245500488
2011-09-21,XLF,-2.5,5,-0.04952048324190672,0.0008404824505192643,0.0008404824505192643,-0.00015951754948073573,0.02352956411148166,0.08065827331025766,-0.05286473125660729
2011-09-22,XLF,-2.5,5,-0.02857141932468832,0.05882350981443496,0.05882350981443496,0.05782350981443496,0.08271363590724645,0.08271363590724645,0.0
2011-09-28,XLF,-2.5,5,-0.028547638842475798,-0.0008397766329969469,-0.0008397766329969469,-0.001839776632996947,0.08072168465967722,0.08271363590724645,-0.0018397766329968368
2011-09-30,XLF,-2.5,5,-0.035130669032469086,0.001693318348284567,0.001693318348284567,0.000693318348284567,0.08147096883304084,0.08271363590724645,-0.001147733835608622
2011-10-03,XLF,-2.5,5,-0.0448775994911762,0.10283734023466118,0.10283734023466118,0.10183734023466118,0.19160509583999974,0.19160509583999974,0.0
2011-10-07,XLF,-2.5,5,-0.035860215924517935,0.06508902939523242,0.06508902939523242,0.06408902939523242,0.2679739098547984,0.2679739098547984,0.0
2011-10-17,XLF,-2.5,5,-0.030952631008174802,0.09909920708042796,0.09909920708042796,0.09809920708042796,0.392361145010224,0.392361145010224,0.0
2011-10-25,XLF,-2.5,5,-0.029806284120449722,-0.012288797023768838,-0.012288797023768838,-0.013288797023768839,0.3738583403704008,0.392361145010224,-0.013288797023768839
2011-10-31,XLF,-2.5,5,-0.039145767393504616,-0.010370464533593249,-0.010370464533593249,-0.01137046453359325,0.35823693283703784,0.392361145010224,-0.024508161762109237
2011-11-01,XLF,-2.5,5,-0.047407446627995786,0.05832016934556372,0.05832016934556372,0.05732016934556372,0.4360913038386558,0.4360913038386558,0.0
2011-11-09,XLF,-2.5,5,-0.054372041229906576,-0.012431430499072471,-0.012431430499072471,-0.013431430499072472,0.41680254330082445,0.4360913038386558,-0.013431430499072472
2011-11-23,XLF,-2.5,5,-0.027317547254399166,0.0842557037108127,0.0842557037108127,0.0832557037108127,0.5347594360626036,0.5347594360626036,0.0
2011-12-08,XLF,-2.5,5,-0.03898025368015445,-0.019501286839676002,-0.019501286839676002,-0.020501286839676003,0.5032948926339849,0.5347594360626036,-0.020501286839675892
2012-06-01,XLF,-2.5,5,-0.03711592832840338,0.048183786471480916,0.048183786471480916,0.047183786471480915,0.5742260378516946,0.5742260378516946,0.0
2012-11-07,XLF,-2.5,5,-0.03343617540964772,-0.029468631326048156,-0.029468631326048156,-0.030468631326048157,0.5262615250805258,0.5742260378516946,-0.030468631326048157
2013-02-25,XLF,-2.5,5,-0.02705750806922802,0.030706446617614347,0.030706446617614347,0.029706446617614346,0.5716013315998494,0.5742260378516946,-0.0016672994784325823
2014-02-03,XLF,-2.5,5,-0.025165693784655496,0.03799281444821356,0.03799281444821356,0.03699281444821356,0.6297392880462878,0.6297392880462878,0.0
2015-08-21,XLF,-2.5,5,-0.03588900066477241,-0.000422619916418121,-0.000422619916418121,-0.001422619916418121,0.6274207884765439,0.6297392880462878,-0.001422619916418233
2015-08-24,XLF,-2.5,5,-0.04272439616486157,0.03535183104103945,0.03535183104103945,0.03435183104103945,0.6833256724349654,0.6833256724349654,0.0
2015-09-01,XLF,-2.5,5,-0.03243696603613,0.010586664676314195,0.010586664676314195,0.009586664676314194,0.6994631511976304,0.6994631511976304,0.0
2015-12-18,XLF,-2.5,5,-0.026733062890815895,0.029613278976311275,0.029613278976311275,0.028613278976311274,0.7480903644528094,0.7480903644528094,0.0
2016-01-07,XLF,-2.5,5,-0.028138807238613395,-0.02405347569321048,-0.02405347569321048,-0.02505347569321048,0.7042946249974555,0.7480903644528094,-0.02505347569321048
2016-01-13,XLF,-2.5,5,-0.02600868295211156,-0.03775341993227621,-0.03775341993227621,-0.03875341993227621,0.6382473797066079,0.7480903644528094,-0.0628359877611846
2016-02-02,XLF,-2.5,5,-0.027739216097632968,-0.030432956118035426,-0.030432956118035426,-0.03143295611803543,0.5867524217098037,0.7480903644528094,-0.09229382303328926
2016-02-08,XLF,-2.5,5,-0.025298551672011893,0.01958898918904417,0.01958898918904417,0.01858898918904417,0.6162485453226572,0.7480903644528094,-0.07542048272282631
2016-02-11,XLF,-2.5,5,-0.030572095334403637,0.06714156515217518,0.06714156515217518,0.06614156515217517,0.7231497537852243,0.7480903644528094,-0.014267346342471288
2016-06-24,XLF,-2.5,5,-0.05357894893002868,0.02989112822863671,0.02989112822863671,0.02889112822863671,0.7729334942789772,0.7729334942789772,0.0
2016-06-27,XLF,-2.5,5,-0.028532254457894868,0.04428901665579987,0.04428901665579987,0.04328901665579987,0.8496820418424456,0.8496820418424456,0.0
2017-03-21,XLF,-2.5,5,-0.028041377404223744,0.008485468630164084,0.008485468630164084,0.007485468630164084,0.8635277787424351,0.8635277787424351,0.0
2017-05-17,XLF,-2.5,5,-0.031499288078023824,0.022550071365587288,0.022550071365587288,0.021550071365587287,0.9036869353660888,0.9036869353660888,0.0
2018-02-05,XLF,-2.5,5,-0.05040891111103485,0.006815013462057262,0.006815013462057262,0.005815013462057262,0.9147569005227854,0.9147569005227854,0.0
2018-02-08,XLF,-2.5,5,-0.04399858081796704,0.06848288358348875,0.06848288358348875,0.06748288358348875,1.043970217531446,1.043970217531446,0.0
2018-03-22,XLF,-2.5,5,-0.036908317513061895,-0.0032537419846279114,-0.0032537419846279114,-0.0042537419846279114,1.0352756956018037,1.043970217531446,-0.004253741984627801
2018-03-23,XLF,-2.5,5,-0.03036884957532504,0.0052200834564999354,0.0052200834564999354,0.004220083456499935,1.0438647288942295,1.043970217531446,-5.160967430528629e-05
2018-05-29,XLF,-2.5,5,-0.033393129306590885,0.01968801315940616,0.01968801315940616,0.018688013159406158,1.082060499843851,1.082060499843851,0.0
2018-10-10,XLF,-2.5,5,-0.03098289648162067,-0.006982897432186386,-0.006982897432186386,-0.007982897432186387,1.065439624425991,1.082060499843851,-0.007982897432186276
2018-10-11,XLF,-2.5,5,-0.029768399241950627,0.006439074893400676,0.006439074893400676,0.005439074893400676,1.0766737052310416,1.082060499843851,-0.0025872421157855374
2018-10-24,XLF,-2.5,5,-0.025106044669956806,0.041204617370123264,0.041204617370123264,0.04020461737012326,1.1601655769524517,1.1601655769524517,0.0
2018-12-04,XLF,-2.5,5,-0.04347828565161038,-0.050077360012428684,-0.050077360012428684,-0.051077360012428685,1.0498300220919958,1.1601655769524517,-0.051077360012428574
2019-03-22,XLF,-2.5,5,-0.02762851011908396,0.014601269929087834,0.014601269929087834,0.013601269929087834,1.0777103135312172,1.1601655769524517,-0.038170807044135
2019-05-13,XLF,-2.5,5,-0.02911219887661176,0.008620719308363833,0.008620719308363833,0.007620719308363833,1.0935439606347312,1.1601655769524517,-0.030840976742028237
2019-08-05,XLF,-2.5,5,-0.03333334383572906,-0.0011246436292630113,-0.0011246436292630113,-0.0021246436292630113,1.0890959257961867,1.1601655769524517,-0.03290009428653595
2019-08-14,XLF,-2.5,5,-0.037064612635540284,0.02386458498600552,0.02386458498600552,0.02286458498600552,1.136862237135472,1.1601655769524517,-0.01078775630239226
2019-08-23,XLF,-2.5,5,-0.025392159489151522,0.03141774285723575,0.03141774285723575,0.030417742857235752,1.201860763185996,1.201860763185996,0.0
2020-02-24,XLF,-2.5,5,-0.032499118422596784,-0.06113526574588135,-0.06113526574588135,-0.06213526574588135,1.0650475595300053,1.201860763185996,-0.06213526574588124
2020-02-25,XLF,-2.5,5,-0.033926494955670794,-0.06467346042383282,-0.06467346042383282,-0.06567346042383282,0.929428740355879,1.201860763185996,-0.12372808825382764
2020-02-27,XLF,-2.5,5,-0.04273205793416934,-0.03219902339679115,-0.03219902339679115,-0.03319902339679115,0.865373590462363,1.201860763185996,-0.1528194599538396
2020-02-28,XLF,-2.5,5,-0.02707631727375681,-0.039112418703626806,-0.039112418703626806,-0.040112418703626807,0.7905489439630489,1.201860763185996,-0.186801920493736
2020-03-03,XLF,-2.5,5,-0.03756722828960879,-0.10223034245261908,-0.10223034245261908,-0.10323034245261908,0.6057099632995679,1.201860763185996,-0.2707486367229798
2020-03-05,XLF,-2.5,5,-0.04821888555593967,-0.22986768817752834,-0.22986768817752834,-0.23086768817752834,0.2350034161889729,1.201860763185996,-0.4391092130630563
2020-03-06,XLF,-2.5,5,-0.034026306150268026,-0.09784770871223436,-0.09784770871223436,-0.09884770871223436,0.11292615824691099,1.201860763185996,-0.4945519821895752
2020-03-09,XLF,-2.5,5,-0.10724076261962101,-0.12801423404547585,-0.12801423404547585,-0.12901423404547585,-0.030657157608488306,1.201860763185996,-0.5597619710571912
2020-03-11,XLF,-2.5,5,-0.054244287673693825,-0.15980754742438652,-0.15980754742438652,-0.16080754742438652,-0.18653480270685097,1.201860763185996,-0.6305555687744304
2020-03-12,XLF,-2.5,5,-0.1081436753602738,-0.037309706046757096,-0.037309706046757096,-0.0383097060467571,-0.2176984152944188,1.201860763185996,-0.6447088763352933
2020-03-16,XLF,-2.5,5,-0.13709319929910624,-0.1045876090951533,-0.1045876090951533,-0.1055876090951533,-0.3002997692148307,1.201860763185996,-0.6822232166157802
2020-03-18,XLF,-2.5,5,-0.08488343465858161,0.07154252420146712,0.07154252420146712,0.07054252420146712,-0.2509411487508957,1.201860763185996,-0.6598064401832344
2020-03-20,XLF,-2.5,5,-0.03569599038496574,0.12047360227241688,0.12047360227241688,0.11947360227241688,-0.16144838947812667,1.201860763185996,-0.6191622901220485
2020-03-23,XLF,-2.5,5,-0.05818362557925694,0.21234420111472496,0.21234420111472496,0.21134420111472496,0.01577463074108465,1.201860763185996,-0.5386744485735314
2020-03-27,XLF,-2.5,5,-0.03045674432116119,-0.0652073141103926,-0.0652073141103926,-0.0662073141103926,-0.05147707930175838,1.201860763185996,-0.5692175742639737
2020-03-31,XLF,-2.5,5,-0.02755735642417767,0.021133590831731386,0.021133590831731386,0.020133590831731385,-0.03237990692190107,1.201860763185996,-0.5605443771667038
2020-04-01,XLF,-2.5,5,-0.060999037071467366,0.13503845311697393,0.13503845311697393,0.13403845311697393,0.0973183935591897,1.201860763185996,-0.5016404252685724
2020-04-13,XLF,-2.5,5,-0.03635566092705178,-0.023524437580377144,-0.023524437580377144,-0.024524437580377145,0.07040727711054773,1.201860763185996,-0.5138624135516565
2020-04-15,XLF,-2.5,5,-0.04330535067650787,-0.006004640608150091,-0.006004640608150091,-0.007004640608150091,0.06290945883003984,1.201860763185996,-0.5172676326308406
2020-04-21,XLF,-2.5,5,-0.032272516967080445,0.06716741417292726,0.06716741417292726,0.06616741417292726,0.13323942922076903,1.201860763185996,-0.4853264801444478
2020-04-30,XLF,-2.5,5,-0.025235278698196306,-0.04256274016536321,-0.04256274016536321,-0.04356274016536321,0.0838724144204801,1.201860763185996,-0.5077470689599082
2020-05-01,XLF,-2.5,5,-0.03203153668097991,0.01042592477230131,0.01042592477230131,0.009425924772301308,0.09408891426157995,1.201860763185996,-0.5031071298629795
2020-05-12,XLF,-2.5,5,-0.026074810356008116,0.014091078526896617,0.014091078526896617,0.013091078526896616,0.10841171815358552,1.201860763185996,-0.4966022662805607
2020-05-13,XLF,-2.5,5,-0.02959170592298188,0.06824792216586406,0.06824792216586406,0.06724792216586406,0.18295010310370952,1.201860763185996,-0.4627498146649235
2020-06-10,XLF,-2.5,5,-0.03744721975312593,-0.04049243619528864,-0.04049243619528864,-0.04149243619528864,0.13386662142846872,1.201860763185996,-0.4850416337008461
2020-06-11,XLF,-2.5,5,-0.08177880186283704,0.04366627792373445,0.04366627792373445,0.04266627792373445,0.18224448982678143,1.201860763185996,-0.4630702769251742
2020-06-24,XLF,-2.5,5,-0.03526466547371554,-0.001740420467204462,-0.001740420467204462,-0.002740420467204462,0.17900464282962036,1.201860763185996,-0.46454169012773894
2020-06-26,XLF,-2.5,5,-0.042814673368749334,0.03675800819083763,0.03675800819083763,0.03575800819083763,0.2211635005049577,1.201860763185996,-0.4453947674974744
2020-09-08,XLF,-2.5,5,-0.02570202689083856,0.0028408447941983273,0.0028408447941983273,0.0018408447941983272,0.22341147297772745,1.201860763185996,-0.4443738253423869
2020-09-21,XLF,-2.5,5,-0.025056117809984846,0.005014841753177457,0.005014841753177457,0.004014841753177457,0.228323276440755,1.201860763185996,-0.4421430741772132
2020-10-28,XLF,-2.5,5,-0.025588292965845638,0.04023706025702811,0.04023706025702811,0.03923706025702811,0.2765190708535712,1.201860763185996,-0.42025440836390404
2021-01-27,XLF,-2.5,5,-0.02945124952650835,0.04172426473141022,0.04172426473141022,0.04072426473141022,0.3285043714297058,1.201860763185996,-0.39664469541324765
2021-06-17,XLF,-2.5,5,-0.029569931708495645,0.01480729209329068,0.01480729209329068,0.01380729209329068,0.34684741933324936,1.201860763185996,-0.3883139924867819
2021-07-19,XLF,-2.5,5,-0.027962363800623113,0.038735103307471874,0.038735103307471874,0.03773510330747187,0.3976708458411915,1.201860763185996,-0.3652319578015356
2021-11-26,XLF,-2.5,5,-0.03316685141129505,-0.019086854536586872,-0.019086854536586872,-0.020086854536586873,0.3695960348707512,1.201860763185996,-0.3779824511296501
2022-03-01,XLF,-2.5,5,-0.03686412830077945,-0.03881402060517691,-0.03881402060517691,-0.039814020605176914,0.31506691011763843,1.201860763185996,-0.4027474706371559
2022-03-07,XLF,-2.5,5,-0.0365295898613649,0.027599482095256977,0.027599482095256977,0.026599482095256977,0.3500470088473777,1.201860763185996,-0.38686086267602193
2022-04-22,XLF,-2.5,5,-0.02977475676396113,-0.04589413004710552,-0.04589413004710552,-0.04689413004710552,0.286737728844783,1.201860763185996,-0.4156134891186626
2022-04-26,XLF,-2.5,5,-0.025117174833249822,-0.009909525514688489,-0.009909525514688489,-0.01090952551468849,0.2727000307612386,1.201860763185996,-0.4219888686695623
2022-04-29,XLF,-2.5,5,-0.03441528755390155,0.006664512153997881,0.006664512153997881,0.005664512153997881,0.27990925555387935,1.201860763185996,-0.4187147175909949
2022-05-05,XLF,-2.5,5,-0.029134324249617594,-0.05544430695335123,-0.05544430695335123,-0.05644430695335123,0.20766566466096092,1.201860763185996,-0.4515249624987542
2022-05-18,XLF,-2.5,5,-0.027533630183450453,0.029819370859524463,0.029819370859524463,0.028819370859524462,0.24246982932513905,1.201860763185996,-0.43571825698581435
2022-06-09,XLF,-2.5,5,-0.025130253708580463,-0.08622208741238047,-0.08622208741238047,-0.08722208741238047,0.13409901726449625,1.201860763185996,-0.4849360885002081
2022-06-10,XLF,-2.5,5,-0.03614820054716006,-0.049185086424528124,-0.049185086424528124,-0.050185086424528125,0.077184160069105,1.201860763185996,-0.5107846154129807
2022-06-13,XLF,-2.5,5,-0.02981847876319299,-0.00040334833767463607,-0.00040334833767463607,-0.001403348337674636,0.07567249546870247,1.201860763185996,-0.5114711550097057
2022-06-16,XLF,-2.5,5,-0.02528427269803013,0.05422786878839414,0.05422786878839414,0.05322786878839414,0.1329282499167952,1.201860763185996,-0.48546780574921655
2022-08-26,XLF,-2.5,5,-0.029919149882233653,-0.024614757710478385,-0.024614757710478385,-0.025614757710478386,0.10390856729182008,1.201860763185996,-0.4986474232391912
2022-09-13,XLF,-2.5,5,-0.03724019357389474,-0.012222122676469938,-0.012222122676469938,-0.013222122676469938,0.08931255279148154,1.201860763185996,-0.5052763685132869
2023-03-07,XLF,-2.5,5,-0.025819220281317556,-0.08036462665318334,-0.08036462665318334,-0.08136462665318334,0.0006810436249766738,1.201860763185996,-0.5455293720857104
2023-03-09,XLF,-2.5,5,-0.040617763204246704,-0.045617318142850194,-0.045617318142850194,-0.046617318142850195,-0.04596802294520819,1.201860763185996,-0.5667155739337717
2023-03-13,XLF,-2.5,5,-0.03947783715858899,-0.00965210215158463,-0.00965210215158463,-0.01065210215158463,-0.05613046902067409,1.201860763185996,-0.5713309639009199
2023-03-15,XLF,-2.5,5,-0.02665031577917365,-0.0011157198420920222,-0.0011157198420920222,-0.0021157198420920223,-0.05812743251571317,1.201860763185996,-0.5722379074862851
2023-03-17,XLF,-2.5,5,-0.032177460331396235,0.005287497881188541,0.005287497881188541,0.004287497881188541,-0.054089155878274564,1.201860763185996,-0.5704038784209797
2024-08-05,XLF,-2.5,5,-0.02900638911656006,0.03281092564608534,0.03281092564608534,0.03181092564608534,-0.023998856348092623,1.201860763185996,-0.556738028139583
2024-12-18,XLF,-2.5,5,-0.029938725499974894,0.03546979855282584,0.03546979855282584,0.03446979855282584,0.009643706460916057,1.201860763185996,-0.5414588772634261
