Period,Transaction cost (%),Ticker,Drop threshold (%),Holding period,Number of big drop days,Average return after costs (%),Benchmark average return (%),Edge vs benchmark after costs (%),Win rate after costs (%),Best return after costs (%),Worst return after costs (%),Average winning trade after costs (%),Average losing trade after costs (%),Risk-adjusted score after costs
2020-2024,0.0,SPY,-1.0,1,174,0.07,0.06,0.01,48.28,9.06,-9.57,1.45,-1.22,0.008
2020-2024,0.0,SPY,-1.0,3,174,0.22,0.18,0.04,56.9,17.16,-12.58,2.29,-2.59,0.014
2020-2024,0.0,SPY,-1.0,5,174,0.39,0.31,0.08,57.47,17.36,-17.97,2.97,-3.21,0.024
2020-2024,0.1,SPY,-1.0,1,174,-0.03,0.06,-0.09,45.4,8.96,-9.67,1.44,-1.25,-0.072
2020-2024,0.1,SPY,-1.0,3,174,0.12,0.18,-0.06,55.75,17.06,-12.68,2.24,-2.62,-0.025
2020-2024,0.1,SPY,-1.0,5,174,0.29,0.31,-0.02,55.17,17.26,-18.07,3.0,-3.13,-0.007
2020-2024,0.25,SPY,-1.0,1,174,-0.18,0.06,-0.24,41.95,8.81,-9.82,1.4,-1.32,-0.182
2020-2024,0.25,SPY,-1.0,3,174,-0.03,0.18,-0.21,52.87,16.91,-12.83,2.21,-2.61,-0.082
2020-2024,0.25,SPY,-1.0,5,174,0.14,0.31,-0.17,54.02,17.11,-18.22,2.91,-3.2,-0.054
2020-2024,0.5,SPY,-1.0,1,174,-0.43,0.06,-0.49,33.33,8.56,-10.07,1.49,-1.39,-0.354
2020-2024,0.5,SPY,-1.0,3,174,-0.28,0.18,-0.46,49.43,16.66,-13.08,2.11,-2.67,-0.174
2020-2024,0.5,SPY,-1.0,5,174,-0.11,0.31,-0.42,51.15,16.86,-18.47,2.81,-3.25,-0.13
2020-2024,0.0,SPY,-1.5,1,96,0.17,0.06,0.11,50.0,9.06,-9.57,1.64,-1.3,0.082
2020-2024,0.0,SPY,-1.5,3,96,0.2,0.18,0.02,58.33,17.16,-12.58,2.45,-2.94,0.006
2020-2024,0.0,SPY,-1.5,5,96,0.18,0.31,-0.13,56.25,17.36,-17.97,3.04,-3.5,-0.038
2020-2024,0.1,SPY,-1.5,1,96,0.07,0.06,0.01,48.96,8.96,-9.67,1.57,-1.37,0.005
2020-2024,0.1,SPY,-1.5,3,96,0.1,0.18,-0.08,57.29,17.06,-12.68,2.39,-2.97,-0.028
2020-2024,0.1,SPY,-1.5,5,96,0.08,0.31,-0.23,54.17,17.26,-18.07,3.06,-3.44,-0.067
2020-2024,0.25,SPY,-1.5,1,96,-0.08,0.06,-0.14,43.75,8.81,-9.82,1.6,-1.39,-0.103
2020-2024,0.25,SPY,-1.5,3,96,-0.05,0.18,-0.23,53.12,16.91,-12.83,2.43,-2.85,-0.082
2020-2024,0.25,SPY,-1.5,5,96,-0.07,0.31,-0.38,52.08,17.11,-18.22,3.03,-3.44,-0.111
2020-2024,0.5,SPY,-1.5,1,96,-0.33,0.06,-0.39,31.25,8.56,-10.07,1.95,-1.37,-0.287
2020-2024,0.5,SPY,-1.5,3,96,-0.3,0.18,-0.48,50.0,16.66,-13.08,2.32,-2.92,-0.165
2020-2024,0.5,SPY,-1.5,5,96,-0.32,0.31,-0.63,48.96,16.86,-18.47,2.96,-3.46,-0.182
2020-2024,0.0,SPY,-2.0,1,58,0.52,0.06,0.46,55.17,9.06,-9.57,2.03,-1.34,0.34
2020-2024,0.0,SPY,-2.0,3,58,0.09,0.18,-0.1,58.62,17.16,-12.58,2.72,-3.64,-0.026
2020-2024,0.0,SPY,-2.0,5,58,0.11,0.31,-0.2,53.45,17.36,-17.97,3.72,-4.03,-0.049
2020-2024,0.1,SPY,-2.0,1,58,0.42,0.06,0.36,55.17,8.96,-9.67,1.93,-1.44,0.247
2020-2024,0.1,SPY,-2.0,3,58,-0.01,0.18,-0.2,58.62,17.06,-12.68,2.62,-3.74,-0.052
2020-2024,0.1,SPY,-2.0,5,58,0.01,0.31,-0.3,51.72,17.26,-18.07,3.75,-3.99,-0.075
2020-2024,0.25,SPY,-2.0,1,58,0.27,0.06,0.21,48.28,8.81,-9.82,2.04,-1.39,0.149
2020-2024,0.25,SPY,-2.0,3,58,-0.16,0.18,-0.35,53.45,16.91,-12.83,2.72,-3.47,-0.099
2020-2024,0.25,SPY,-2.0,5,58,-0.14,0.31,-0.45,50.0,17.11,-18.22,3.72,-4.0,-0.112
2020-2024,0.5,SPY,-2.0,1,58,0.02,0.06,-0.04,37.93,8.56,-10.07,2.32,-1.39,-0.031
2020-2024,0.5,SPY,-2.0,3,58,-0.41,0.18,-0.6,48.28,16.66,-13.08,2.75,-3.36,-0.177
2020-2024,0.5,SPY,-2.0,5,58,-0.39,0.31,-0.7,44.83,16.86,-18.47,3.88,-3.85,-0.181
2020-2024,0.0,SPY,-2.5,1,37,0.6,0.06,0.54,56.76,9.06,-9.57,2.34,-1.69,0.319
2020-2024,0.0,SPY,-2.5,3,37,-0.27,0.18,-0.45,51.35,17.16,-12.58,3.19,-3.91,-0.115
2020-2024,0.0,SPY,-2.5,5,37,-0.29,0.31,-0.6,48.65,17.36,-17.97,4.5,-4.82,-0.124
2020-2024,0.1,SPY,-2.5,1,37,0.5,0.06,0.44,56.76,8.96,-9.67,2.24,-1.79,0.245
2020-2024,0.1,SPY,-2.5,3,37,-0.37,0.18,-0.55,51.35,17.06,-12.68,3.09,-4.01,-0.137
2020-2024,0.1,SPY,-2.5,5,37,-0.39,0.31,-0.7,45.95,17.26,-18.07,4.66,-4.68,-0.15
2020-2024,0.25,SPY,-2.5,1,37,0.35,0.06,0.29,48.65,8.81,-9.82,2.44,-1.63,0.176
2020-2024,0.25,SPY,-2.5,3,37,-0.52,0.18,-0.7,48.65,16.91,-12.83,3.11,-3.95,-0.178
2020-2024,0.25,SPY,-2.5,5,37,-0.54,0.31,-0.85,45.95,17.11,-18.22,4.51,-4.83,-0.176
2020-2024,0.5,SPY,-2.5,1,37,0.1,0.06,0.04,40.54,8.56,-10.07,2.67,-1.65,0.022
2020-2024,0.5,SPY,-2.5,3,37,-0.77,0.18,-0.95,43.24,16.66,-13.08,3.24,-3.82,-0.249
2020-2024,0.5,SPY,-2.5,5,37,-0.79,0.31,-1.1,40.54,16.86,-18.47,4.83,-4.62,-0.238
2020-2024,0.0,SPY,-3.0,1,23,0.3,0.06,0.24,52.17,8.55,-9.57,2.29,-1.87,0.128
2020-2024,0.0,SPY,-3.0,3,23,-1.03,0.18,-1.22,47.83,7.86,-12.58,3.21,-4.93,-0.247
2020-2024,0.0,SPY,-3.0,5,23,-1.07,0.31,-1.38,47.83,11.33,-17.97,4.54,-6.2,-0.222
2020-2024,0.1,SPY,-3.0,1,23,0.2,0.06,0.14,52.17,8.45,-9.67,2.19,-1.97,0.071
2020-2024,0.1,SPY,-3.0,3,23,-1.13,0.18,-1.32,47.83,7.76,-12.68,3.11,-5.03,-0.262
2020-2024,0.1,SPY,-3.0,5,23,-1.17,0.31,-1.48,47.83,11.23,-18.07,4.44,-6.3,-0.234
2020-2024,0.25,SPY,-3.0,1,23,0.05,0.06,-0.01,39.13,8.3,-9.82,2.73,-1.67,-0.006
2020-2024,0.25,SPY,-3.0,3,23,-1.28,0.18,-1.47,47.83,7.61,-12.83,2.96,-5.18,-0.284
2020-2024,0.25,SPY,-3.0,5,23,-1.32,0.31,-1.63,47.83,11.08,-18.22,4.29,-6.45,-0.252
2020-2024,0.5,SPY,-3.0,1,23,-0.2,0.06,-0.26,34.78,8.05,-10.07,2.81,-1.8,-0.145
2020-2024,0.5,SPY,-3.0,3,23,-1.53,0.18,-1.72,43.48,7.36,-13.08,3.01,-5.03,-0.342
2020-2024,0.5,SPY,-3.0,5,23,-1.57,0.31,-1.88,39.13,10.83,-18.47,4.94,-5.75,-0.326
2020-2024,0.0,QQQ,-1.0,1,247,0.16,0.08,0.07,54.66,8.47,-9.17,1.47,-1.43,0.051
2020-2024,0.0,QQQ,-1.0,3,247,0.34,0.25,0.09,55.47,9.38,-13.28,2.52,-2.43,0.036
2020-2024,0.0,QQQ,-1.0,5,247,0.53,0.42,0.12,58.3,10.72,-16.2,3.16,-3.21,0.036
2020-2024,0.1,QQQ,-1.0,1,247,0.06,0.08,-0.03,51.01,8.37,-9.27,1.47,-1.42,-0.019
2020-2024,0.1,QQQ,-1.0,3,247,0.24,0.25,-0.01,53.85,9.28,-13.38,2.49,-2.44,-0.006
2020-2024,0.1,QQQ,-1.0,5,247,0.43,0.42,0.02,56.28,10.62,-16.3,3.17,-3.16,0.005
2020-2024,0.25,QQQ,-1.0,1,247,-0.09,0.08,-0.18,45.75,8.22,-9.42,1.48,-1.42,-0.124
2020-2024,0.25,QQQ,-1.0,3,247,0.09,0.25,-0.16,50.61,9.13,-13.53,2.5,-2.42,-0.067
2020-2024,0.25,QQQ,-1.0,5,247,0.28,0.42,-0.13,54.66,10.47,-16.45,3.12,-3.19,-0.042
2020-2024,0.5,QQQ,-1.0,1,247,-0.34,0.08,-0.43,40.08,7.97,-9.67,1.42,-1.52,-0.28
2020-2024,0.5,QQQ,-1.0,3,247,-0.16,0.25,-0.41,48.58,8.88,-13.78,2.34,-2.57,-0.161
2020-2024,0.5,QQQ,-1.0,5,247,0.03,0.42,-0.38,51.82,10.22,-16.7,3.03,-3.25,-0.119
2020-2024,0.0,QQQ,-1.5,1,158,0.26,0.08,0.18,57.59,8.47,-9.17,1.53,-1.46,0.123
2020-2024,0.0,QQQ,-1.5,3,158,0.5,0.25,0.25,59.49,8.4,-13.28,2.65,-2.65,0.095
2020-2024,0.0,QQQ,-1.5,5,158,0.62,0.42,0.2,58.23,10.17,-16.2,3.56,-3.47,0.059
2020-2024,0.1,QQQ,-1.5,1,158,0.16,0.08,0.08,53.16,8.37,-9.27,1.55,-1.41,0.056
2020-2024,0.1,QQQ,-1.5,3,158,0.4,0.25,0.15,57.59,8.3,-13.38,2.64,-2.63,0.058
2020-2024,0.1,QQQ,-1.5,5,158,0.52,0.42,0.1,55.7,10.07,-16.3,3.62,-3.37,0.031
2020-2024,0.25,QQQ,-1.5,1,158,0.01,0.08,-0.07,47.47,8.22,-9.42,1.58,-1.4,-0.051
2020-2024,0.25,QQQ,-1.5,3,158,0.25,0.25,0.0,53.16,8.15,-13.53,2.7,-2.53,0.001
2020-2024,0.25,QQQ,-1.5,5,158,0.37,0.42,-0.05,53.8,9.92,-16.45,3.6,-3.38,-0.013
2020-2024,0.5,QQQ,-1.5,1,158,-0.24,0.08,-0.32,43.04,7.97,-9.67,1.47,-1.53,-0.21
2020-2024,0.5,QQQ,-1.5,3,158,0.0,0.25,-0.25,51.27,7.9,-13.78,2.55,-2.67,-0.093
2020-2024,0.5,QQQ,-1.5,5,158,0.12,0.42,-0.3,51.9,9.67,-16.7,3.47,-3.49,-0.085
2020-2024,0.0,QQQ,-2.0,1,105,0.26,0.08,0.18,56.19,8.47,-9.17,1.57,-1.41,0.127
2020-2024,0.0,QQQ,-2.0,3,105,0.34,0.25,0.09,57.14,8.4,-13.28,2.75,-2.88,0.03
2020-2024,0.0,QQQ,-2.0,5,105,0.55,0.42,0.13,59.05,10.02,-16.2,3.44,-3.62,0.036
2020-2024,0.1,QQQ,-2.0,1,105,0.16,0.08,0.08,51.43,8.37,-9.27,1.61,-1.37,0.058
2020-2024,0.1,QQQ,-2.0,3,105,0.24,0.25,-0.01,55.24,8.3,-13.38,2.74,-2.85,-0.005
2020-2024,0.1,QQQ,-2.0,5,105,0.45,0.42,0.03,56.19,9.92,-16.3,3.51,-3.48,0.008
2020-2024,0.25,QQQ,-2.0,1,105,0.01,0.08,-0.07,45.71,8.22,-9.42,1.65,-1.36,-0.052
2020-2024,0.25,QQQ,-2.0,3,105,0.09,0.25,-0.16,49.52,8.15,-13.53,2.9,-2.67,-0.061
2020-2024,0.25,QQQ,-2.0,5,105,0.3,0.42,-0.12,54.29,9.77,-16.45,3.48,-3.48,-0.035
2020-2024,0.5,QQQ,-2.0,1,105,-0.24,0.08,-0.32,40.0,7.97,-9.67,1.61,-1.47,-0.218
2020-2024,0.5,QQQ,-2.0,3,105,-0.16,0.25,-0.41,48.57,7.9,-13.78,2.7,-2.87,-0.144
2020-2024,0.5,QQQ,-2.0,5,105,0.05,0.42,-0.37,51.43,9.52,-16.7,3.42,-3.52,-0.105
2020-2024,0.0,QQQ,-2.5,1,69,0.44,0.08,0.36,57.97,8.47,-9.17,1.75,-1.36,0.263
2020-2024,0.0,QQQ,-2.5,3,69,0.13,0.25,-0.13,55.07,7.77,-13.28,2.83,-3.19,-0.039
2020-2024,0.0,QQQ,-2.5,5,69,0.18,0.42,-0.24,56.52,10.02,-16.2,3.4,-4.0,-0.059
2020-2024,0.1,QQQ,-2.5,1,69,0.34,0.08,0.26,53.62,8.37,-9.27,1.79,-1.33,0.195
2020-2024,0.1,QQQ,-2.5,3,69,0.03,0.25,-0.23,53.62,7.67,-13.38,2.8,-3.19,-0.071
2020-2024,0.1,QQQ,-2.5,5,69,0.08,0.42,-0.34,52.17,9.92,-16.3,3.58,-3.73,-0.09
2020-2024,0.25,QQQ,-2.5,1,69,0.19,0.08,0.11,49.28,8.22,-9.42,1.79,-1.36,0.08
2020-2024,0.25,QQQ,-2.5,3,69,-0.12,0.25,-0.38,49.28,7.52,-13.53,2.9,-3.06,-0.123
2020-2024,0.25,QQQ,-2.5,5,69,-0.07,0.42,-0.49,50.72,9.77,-16.45,3.53,-3.77,-0.129
2020-2024,0.5,QQQ,-2.5,1,69,-0.06,0.08,-0.14,42.03,7.97,-9.67,1.82,-1.42,-0.1
2020-2024,0.5,QQQ,-2.5,3,69,-0.37,0.25,-0.63,47.83,7.27,-13.78,2.73,-3.22,-0.194
2020-2024,0.5,QQQ,-2.5,5,69,-0.32,0.42,-0.74,47.83,9.52,-16.7,3.48,-3.8,-0.194
2020-2024,0.0,QQQ,-3.0,1,42,0.55,0.08,0.46,59.52,8.47,-9.17,2.07,-1.69,0.275
2020-2024,0.0,QQQ,-3.0,3,42,-0.07,0.25,-0.32,50.0,7.77,-13.28,3.0,-3.14,-0.103
2020-2024,0.0,QQQ,-3.0,5,42,-0.22,0.42,-0.64,52.38,10.02,-16.2,3.37,-4.17,-0.153
2020-2024,0.1,QQQ,-3.0,1,42,0.45,0.08,0.36,52.38,8.37,-9.27,2.24,-1.52,0.239
2020-2024,0.1,QQQ,-3.0,3,42,-0.17,0.25,-0.42,50.0,7.67,-13.38,2.9,-3.24,-0.13
2020-2024,0.1,QQQ,-3.0,5,42,-0.32,0.42,-0.74,50.0,9.92,-16.3,3.43,-4.07,-0.182
2020-2024,0.25,QQQ,-3.0,1,42,0.3,0.08,0.21,47.62,8.22,-9.42,2.3,-1.53,0.14
2020-2024,0.25,QQQ,-3.0,3,42,-0.32,0.25,-0.57,45.24,7.52,-13.53,3.04,-3.1,-0.184
2020-2024,0.25,QQQ,-3.0,5,42,-0.47,0.42,-0.89,47.62,9.77,-16.45,3.44,-4.03,-0.221
2020-2024,0.5,QQQ,-3.0,1,42,0.05,0.08,-0.04,40.48,7.97,-9.67,2.43,-1.57,-0.023
2020-2024,0.5,QQQ,-3.0,3,42,-0.57,0.25,-0.82,45.24,7.27,-13.78,2.79,-3.35,-0.245
2020-2024,0.5,QQQ,-3.0,5,42,-0.72,0.42,-1.14,45.24,9.52,-16.7,3.36,-4.09,-0.278
2020-2024,0.0,IWM,-1.0,1,281,0.09,0.04,0.04,52.67,9.15,-11.05,1.48,-1.47,0.029
2020-2024,0.0,IWM,-1.0,3,281,0.26,0.13,0.13,54.09,17.38,-17.68,2.68,-2.62,0.05
2020-2024,0.0,IWM,-1.0,5,281,0.47,0.22,0.25,55.87,15.6,-24.0,3.45,-3.32,0.077
2020-2024,0.1,IWM,-1.0,1,281,-0.01,0.04,-0.06,51.25,9.05,-11.15,1.42,-1.52,-0.038
2020-2024,0.1,IWM,-1.0,3,281,0.16,0.13,0.03,53.02,17.28,-17.78,2.64,-2.66,0.012
2020-2024,0.1,IWM,-1.0,5,281,0.37,0.22,0.15,55.16,15.5,-24.1,3.39,-3.37,0.046
2020-2024,0.25,IWM,-1.0,1,281,-0.16,0.04,-0.21,48.04,8.9,-11.3,1.36,-1.57,-0.132
2020-2024,0.25,IWM,-1.0,3,281,0.01,0.13,-0.12,51.25,17.13,-17.93,2.57,-2.7,-0.044
2020-2024,0.25,IWM,-1.0,5,281,0.22,0.22,0.0,53.74,15.35,-24.25,3.33,-3.41,0.001
2020-2024,0.5,IWM,-1.0,1,281,-0.41,0.04,-0.46,41.64,8.65,-11.55,1.3,-1.64,-0.279
2020-2024,0.5,IWM,-1.0,3,281,-0.24,0.13,-0.37,47.69,16.88,-18.18,2.51,-2.76,-0.134
2020-2024,0.5,IWM,-1.0,5,281,-0.03,0.22,-0.25,50.89,15.1,-24.5,3.26,-3.46,-0.071
2020-2024,0.0,IWM,-1.5,1,173,0.03,0.04,-0.01,52.6,7.66,-11.05,1.56,-1.66,-0.006
2020-2024,0.0,IWM,-1.5,3,173,-0.04,0.13,-0.17,52.6,12.86,-17.68,2.76,-3.15,-0.054
2020-2024,0.0,IWM,-1.5,5,173,0.26,0.22,0.05,56.07,15.05,-24.0,3.54,-3.92,0.012
2020-2024,0.1,IWM,-1.5,1,173,-0.07,0.04,-0.11,50.87,7.56,-11.15,1.51,-1.7,-0.065
2020-2024,0.1,IWM,-1.5,3,173,-0.14,0.13,-0.27,51.45,12.76,-17.78,2.72,-3.18,-0.085
2020-2024,0.1,IWM,-1.5,5,173,0.16,0.22,-0.05,55.49,14.95,-24.1,3.48,-3.97,-0.014
2020-2024,0.25,IWM,-1.5,1,173,-0.22,0.04,-0.26,47.98,7.41,-11.3,1.44,-1.75,-0.149
2020-2024,0.25,IWM,-1.5,3,173,-0.29,0.13,-0.42,49.13,12.61,-17.93,2.69,-3.18,-0.133
2020-2024,0.25,IWM,-1.5,5,173,0.01,0.22,-0.2,53.76,14.8,-24.25,3.44,-3.97,-0.051
2020-2024,0.5,IWM,-1.5,1,173,-0.47,0.04,-0.51,42.2,7.16,-11.55,1.38,-1.81,-0.281
2020-2024,0.5,IWM,-1.5,3,173,-0.54,0.13,-0.67,45.09,12.36,-18.18,2.67,-3.18,-0.211
2020-2024,0.5,IWM,-1.5,5,173,-0.24,0.22,-0.45,50.87,14.55,-24.5,3.38,-3.98,-0.114
2020-2024,0.0,IWM,-2.0,1,107,0.05,0.04,0.0,50.47,7.66,-11.05,1.75,-1.69,0.002
2020-2024,0.0,IWM,-2.0,3,107,-0.02,0.13,-0.15,52.34,12.86,-17.68,3.18,-3.52,-0.042
2020-2024,0.0,IWM,-2.0,5,107,-0.04,0.22,-0.26,52.34,15.05,-24.0,3.9,-4.36,-0.059
2020-2024,0.1,IWM,-2.0,1,107,-0.05,0.04,-0.1,49.53,7.56,-11.15,1.68,-1.76,-0.055
2020-2024,0.1,IWM,-2.0,3,107,-0.12,0.13,-0.25,51.4,12.76,-17.78,3.13,-3.55,-0.069
2020-2024,0.1,IWM,-2.0,5,107,-0.14,0.22,-0.36,52.34,14.95,-24.1,3.8,-4.46,-0.08
2020-2024,0.25,IWM,-2.0,1,107,-0.2,0.04,-0.25,45.79,7.41,-11.3,1.66,-1.78,-0.138
2020-2024,0.25,IWM,-2.0,3,107,-0.27,0.13,-0.4,48.6,12.61,-17.93,3.16,-3.5,-0.113
2020-2024,0.25,IWM,-2.0,5,107,-0.29,0.22,-0.51,50.47,14.8,-24.25,3.78,-4.44,-0.114
2020-2024,0.5,IWM,-2.0,1,107,-0.45,0.04,-0.5,40.19,7.16,-11.55,1.63,-1.85,-0.267
2020-2024,0.5,IWM,-2.0,3,107,-0.52,0.13,-0.65,45.79,12.36,-18.18,3.09,-3.56,-0.181
2020-2024,0.5,IWM,-2.0,5,107,-0.54,0.22,-0.76,46.73,14.55,-24.5,3.82,-4.37,-0.173
2020-2024,0.0,IWM,-2.5,1,67,0.01,0.04,-0.03,49.25,7.66,-11.05,2.0,-1.92,-0.018
2020-2024,0.0,IWM,-2.5,3,67,-0.76,0.13,-0.89,43.28,12.86,-17.68,3.19,-3.77,-0.235
2020-2024,0.0,IWM,-2.5,5,67,-0.67,0.22,-0.89,49.25,15.05,-24.0,3.78,-4.99,-0.178
2020-2024,0.1,IWM,-2.5,1,67,-0.09,0.04,-0.13,47.76,7.56,-11.15,1.96,-1.97,-0.068
2020-2024,0.1,IWM,-2.5,3,67,-0.86,0.13,-0.99,41.79,12.76,-17.78,3.2,-3.77,-0.262
2020-2024,0.1,IWM,-2.5,5,67,-0.77,0.22,-0.99,49.25,14.95,-24.1,3.68,-5.09,-0.194
2020-2024,0.25,IWM,-2.5,1,67,-0.24,0.04,-0.28,46.27,7.41,-11.3,1.87,-2.06,-0.138
2020-2024,0.25,IWM,-2.5,3,67,-1.01,0.13,-1.14,38.81,12.61,-17.93,3.28,-3.73,-0.305
2020-2024,0.25,IWM,-2.5,5,67,-0.92,0.22,-1.14,47.76,14.8,-24.25,3.64,-5.09,-0.224
2020-2024,0.5,IWM,-2.5,1,67,-0.49,0.04,-0.53,40.3,7.16,-11.55,1.89,-2.1,-0.255
2020-2024,0.5,IWM,-2.5,3,67,-1.26,0.13,-1.39,35.82,12.36,-18.18,3.3,-3.8,-0.365
2020-2024,0.5,IWM,-2.5,5,67,-1.17,0.22,-1.39,43.28,14.55,-24.5,3.75,-4.93,-0.282
2020-2024,0.0,IWM,-3.0,1,42,-0.17,0.04,-0.22,50.0,6.7,-11.05,1.72,-2.06,-0.105
2020-2024,0.0,IWM,-3.0,3,42,-1.6,0.13,-1.72,40.48,8.12,-17.68,2.72,-4.53,-0.38
2020-2024,0.0,IWM,-3.0,5,42,-1.56,0.22,-1.78,45.24,10.7,-24.0,3.82,-6.0,-0.296
2020-2024,0.1,IWM,-3.0,1,42,-0.27,0.04,-0.32,47.62,6.6,-11.15,1.7,-2.07,-0.153
2020-2024,0.1,IWM,-3.0,3,42,-1.7,0.13,-1.82,40.48,8.02,-17.78,2.62,-4.63,-0.394
2020-2024,0.1,IWM,-3.0,5,42,-1.66,0.22,-1.88,45.24,10.6,-24.1,3.72,-6.1,-0.308
2020-2024,0.25,IWM,-3.0,1,42,-0.42,0.04,-0.47,45.24,6.45,-11.3,1.64,-2.12,-0.219
2020-2024,0.25,IWM,-3.0,3,42,-1.85,0.13,-1.97,38.1,7.87,-17.93,2.63,-4.6,-0.429
2020-2024,0.25,IWM,-3.0,5,42,-1.81,0.22,-2.03,45.24,10.45,-24.25,3.57,-6.25,-0.324
2020-2024,0.5,IWM,-3.0,1,42,-0.67,0.04,-0.72,38.1,6.2,-11.55,1.67,-2.11,-0.339
2020-2024,0.5,IWM,-3.0,3,42,-2.1,0.13,-2.22,33.33,7.62,-18.18,2.74,-4.51,-0.493
2020-2024,0.5,IWM,-3.0,5,42,-2.06,0.22,-2.28,42.86,10.2,-24.5,3.51,-6.24,-0.365
2020-2024,0.0,DIA,-1.0,1,153,0.21,0.05,0.17,52.94,11.02,-10.06,1.5,-1.24,0.134
2020-2024,0.0,DIA,-1.0,3,153,0.33,0.14,0.19,57.52,20.92,-14.14,2.25,-2.28,0.082
2020-2024,0.0,DIA,-1.0,5,153,0.54,0.24,0.3,60.13,19.86,-18.87,2.76,-2.82,0.108
2020-2024,0.1,DIA,-1.0,1,153,0.11,0.05,0.07,49.67,10.92,-10.16,1.49,-1.25,0.052
2020-2024,0.1,DIA,-1.0,3,153,0.23,0.14,0.09,55.56,20.82,-14.24,2.23,-2.28,0.038
2020-2024,0.1,DIA,-1.0,5,153,0.44,0.24,0.2,57.52,19.76,-18.97,2.79,-2.74,0.074
2020-2024,0.25,DIA,-1.0,1,153,-0.04,0.05,-0.08,42.48,10.77,-10.31,1.58,-1.23,-0.069
2020-2024,0.25,DIA,-1.0,3,153,0.08,0.14,-0.06,55.56,20.67,-14.39,2.08,-2.43,-0.026
2020-2024,0.25,DIA,-1.0,5,153,0.29,0.24,0.05,55.56,19.61,-19.12,2.73,-2.77,0.019
2020-2024,0.5,DIA,-1.0,1,153,-0.29,0.05,-0.33,35.29,10.52,-10.56,1.63,-1.34,-0.251
2020-2024,0.5,DIA,-1.0,3,153,-0.17,0.14,-0.31,50.98,20.42,-14.64,2.0,-2.43,-0.129
2020-2024,0.5,DIA,-1.0,5,153,0.04,0.24,-0.2,50.33,19.36,-19.37,2.75,-2.71,-0.073
2020-2024,0.0,DIA,-1.5,1,81,0.4,0.05,0.35,54.32,11.02,-10.06,1.9,-1.4,0.25
2020-2024,0.0,DIA,-1.5,3,81,0.27,0.14,0.13,54.32,20.92,-14.14,2.85,-2.79,0.048
2020-2024,0.0,DIA,-1.5,5,81,0.53,0.24,0.3,58.02,19.86,-18.87,3.54,-3.64,0.081
2020-2024,0.1,DIA,-1.5,1,81,0.3,0.05,0.25,51.85,10.92,-10.16,1.89,-1.42,0.175
2020-2024,0.1,DIA,-1.5,3,81,0.17,0.14,0.03,51.85,20.82,-14.24,2.88,-2.74,0.012
2020-2024,0.1,DIA,-1.5,5,81,0.43,0.24,0.2,54.32,19.76,-18.97,3.68,-3.44,0.057
2020-2024,0.25,DIA,-1.5,1,81,0.15,0.05,0.1,43.21,10.77,-10.31,2.1,-1.34,0.074
2020-2024,0.25,DIA,-1.5,3,81,0.02,0.14,-0.12,51.85,20.67,-14.39,2.73,-2.89,-0.04
2020-2024,0.25,DIA,-1.5,5,81,0.28,0.24,0.05,53.09,19.61,-19.12,3.62,-3.5,0.013
2020-2024,0.5,DIA,-1.5,1,81,-0.1,0.05,-0.15,39.51,10.52,-10.56,2.04,-1.5,-0.1
2020-2024,0.5,DIA,-1.5,3,81,-0.23,0.14,-0.37,48.15,20.42,-14.64,2.68,-2.93,-0.125
2020-2024,0.5,DIA,-1.5,5,81,0.03,0.24,-0.2,50.62,19.36,-19.37,3.54,-3.56,-0.057
2020-2024,0.0,DIA,-2.0,1,45,0.62,0.05,0.57,57.78,11.02,-10.06,2.23,-1.58,0.363
2020-2024,0.0,DIA,-2.0,3,45,0.06,0.14,-0.08,46.67,20.92,-14.14,3.78,-3.19,-0.024
2020-2024,0.0,DIA,-2.0,5,45,0.12,0.24,-0.12,53.33,19.86,-18.87,4.42,-4.79,-0.024
2020-2024,0.1,DIA,-2.0,1,45,0.52,0.05,0.47,53.33,10.92,-10.16,2.31,-1.52,0.311
2020-2024,0.1,DIA,-2.0,3,45,-0.04,0.14,-0.18,46.67,20.82,-14.24,3.68,-3.29,-0.053
2020-2024,0.1,DIA,-2.0,5,45,0.02,0.24,-0.22,53.33,19.76,-18.97,4.32,-4.89,-0.044
2020-2024,0.25,DIA,-2.0,1,45,0.37,0.05,0.32,48.89,10.77,-10.31,2.36,-1.54,0.21
2020-2024,0.25,DIA,-2.0,3,45,-0.19,0.14,-0.33,46.67,20.67,-14.39,3.53,-3.44,-0.095
2020-2024,0.25,DIA,-2.0,5,45,-0.13,0.24,-0.37,51.11,19.61,-19.12,4.35,-4.82,-0.076
2020-2024,0.5,DIA,-2.0,1,45,0.12,0.05,0.07,44.44,10.52,-10.56,2.34,-1.65,0.044
2020-2024,0.5,DIA,-2.0,3,45,-0.44,0.14,-0.58,46.67,20.42,-14.64,3.28,-3.69,-0.156
2020-2024,0.5,DIA,-2.0,5,45,-0.38,0.24,-0.62,48.89,19.36,-19.37,4.29,-4.85,-0.127
2020-2024,0.0,DIA,-2.5,1,31,0.89,0.05,0.84,61.29,11.02,-10.06,2.72,-2.01,0.418
2020-2024,0.0,DIA,-2.5,3,31,-0.23,0.14,-0.37,45.16,20.92,-14.14,4.4,-4.05,-0.092
2020-2024,0.0,DIA,-2.5,5,31,-0.55,0.24,-0.78,45.16,19.86,-18.87,5.61,-5.62,-0.139
2020-2024,0.1,DIA,-2.5,1,31,0.79,0.05,0.74,58.06,10.92,-10.16,2.77,-1.95,0.38
2020-2024,0.1,DIA,-2.5,3,31,-0.33,0.14,-0.47,45.16,20.82,-14.24,4.3,-4.15,-0.114
2020-2024,0.1,DIA,-2.5,5,31,-0.65,0.24,-0.88,45.16,19.76,-18.97,5.51,-5.72,-0.154
2020-2024,0.25,DIA,-2.5,1,31,0.64,0.05,0.59,54.84,10.77,-10.31,2.78,-1.96,0.301
2020-2024,0.25,DIA,-2.5,3,31,-0.48,0.14,-0.62,45.16,20.67,-14.39,4.15,-4.3,-0.145
2020-2024,0.25,DIA,-2.5,5,31,-0.8,0.24,-1.03,41.94,19.61,-19.12,5.79,-5.55,-0.186
2020-2024,0.5,DIA,-2.5,1,31,0.39,0.05,0.34,48.39,10.52,-10.56,2.89,-1.95,0.175
2020-2024,0.5,DIA,-2.5,3,31,-0.73,0.14,-0.87,45.16,20.42,-14.64,3.9,-4.55,-0.192
2020-2024,0.5,DIA,-2.5,5,31,-1.05,0.24,-1.28,41.94,19.36,-19.37,5.54,-5.8,-0.221
2020-2024,0.0,DIA,-3.0,1,19,1.0,0.05,0.96,52.63,11.02,-10.06,3.95,-2.27,0.422
2020-2024,0.0,DIA,-3.0,3,19,-0.57,0.14,-0.71,42.11,20.92,-14.14,6.04,-5.39,-0.133
2020-2024,0.0,DIA,-3.0,5,19,-0.96,0.24,-1.19,42.11,19.86,-18.87,7.93,-7.42,-0.161
2020-2024,0.1,DIA,-3.0,1,19,0.9,0.05,0.86,52.63,10.92,-10.16,3.85,-2.37,0.362
2020-2024,0.1,DIA,-3.0,3,19,-0.67,0.14,-0.81,42.11,20.82,-14.24,5.94,-5.49,-0.148
2020-2024,0.1,DIA,-3.0,5,19,-1.06,0.24,-1.29,42.11,19.76,-18.97,7.83,-7.52,-0.172
2020-2024,0.25,DIA,-3.0,1,19,0.75,0.05,0.71,47.37,10.77,-10.31,4.12,-2.28,0.31
2020-2024,0.25,DIA,-3.0,3,19,-0.82,0.14,-0.96,42.11,20.67,-14.39,5.79,-5.64,-0.171
2020-2024,0.25,DIA,-3.0,5,19,-1.21,0.24,-1.44,42.11,19.61,-19.12,7.68,-7.67,-0.188
2020-2024,0.5,DIA,-3.0,1,19,0.5,0.05,0.46,42.11,10.52,-10.56,4.37,-2.31,0.198
2020-2024,0.5,DIA,-3.0,3,19,-1.07,0.14,-1.21,42.11,20.42,-14.64,5.54,-5.89,-0.206
2020-2024,0.5,DIA,-3.0,5,19,-1.46,0.24,-1.69,42.11,19.36,-19.37,7.43,-7.92,-0.214
2020-2024,0.0,XLK,-1.0,1,267,0.25,0.09,0.16,57.68,11.73,-9.76,1.56,-1.54,0.103
2020-2024,0.0,XLK,-1.0,3,267,0.44,0.27,0.17,55.81,10.45,-13.1,2.71,-2.48,0.067
2020-2024,0.0,XLK,-1.0,5,267,0.69,0.45,0.24,58.05,11.29,-17.04,3.47,-3.22,0.074
2020-2024,0.1,XLK,-1.0,1,267,0.15,0.09,0.06,55.81,11.63,-9.86,1.52,-1.57,0.037
2020-2024,0.1,XLK,-1.0,3,267,0.34,0.27,0.07,54.68,10.35,-13.2,2.66,-2.51,0.027
2020-2024,0.1,XLK,-1.0,5,267,0.59,0.45,0.14,56.93,11.19,-17.14,3.44,-3.24,0.043
2020-2024,0.25,XLK,-1.0,1,267,0.0,0.09,-0.09,49.81,11.48,-10.01,1.54,-1.53,-0.06
2020-2024,0.25,XLK,-1.0,3,267,0.19,0.27,-0.08,53.56,10.2,-13.35,2.57,-2.6,-0.032
2020-2024,0.25,XLK,-1.0,5,267,0.44,0.45,-0.01,54.68,11.04,-17.29,3.43,-3.22,-0.003
2020-2024,0.5,XLK,-1.0,1,267,-0.25,0.09,-0.34,43.07,11.23,-10.26,1.51,-1.58,-0.216
2020-2024,0.5,XLK,-1.0,3,267,-0.06,0.27,-0.33,50.19,9.95,-13.6,2.48,-2.66,-0.125
2020-2024,0.5,XLK,-1.0,5,267,0.19,0.45,-0.26,52.43,10.79,-17.54,3.32,-3.31,-0.079
2020-2024,0.0,XLK,-1.5,1,175,0.36,0.09,0.27,61.71,11.73,-9.76,1.7,-1.79,0.15
2020-2024,0.0,XLK,-1.5,3,175,0.6,0.27,0.33,57.14,10.45,-13.1,2.96,-2.55,0.128
2020-2024,0.0,XLK,-1.5,5,175,0.87,0.45,0.42,60.0,11.29,-17.04,3.72,-3.41,0.122
2020-2024,0.1,XLK,-1.5,1,175,0.26,0.09,0.17,60.0,11.63,-9.86,1.64,-1.81,0.093
2020-2024,0.1,XLK,-1.5,3,175,0.5,0.27,0.23,56.0,10.35,-13.2,2.92,-2.59,0.088
2020-2024,0.1,XLK,-1.5,5,175,0.77,0.45,0.32,58.86,11.19,-17.14,3.69,-3.41,0.093
2020-2024,0.25,XLK,-1.5,1,175,0.11,0.09,0.02,54.29,11.48,-10.01,1.66,-1.73,0.011
2020-2024,0.25,XLK,-1.5,3,175,0.35,0.27,0.08,55.43,10.2,-13.35,2.8,-2.7,0.029
2020-2024,0.25,XLK,-1.5,5,175,0.62,0.45,0.17,57.14,11.04,-17.29,3.65,-3.42,0.049
2020-2024,0.5,XLK,-1.5,1,175,-0.14,0.09,-0.23,46.29,11.23,-10.26,1.68,-1.71,-0.135
2020-2024,0.5,XLK,-1.5,3,175,0.1,0.27,-0.17,52.0,9.95,-13.6,2.73,-2.75,-0.063
2020-2024,0.5,XLK,-1.5,5,175,0.37,0.45,-0.08,54.29,10.79,-17.54,3.58,-3.45,-0.024
2020-2024,0.0,XLK,-2.0,1,114,0.35,0.09,0.26,58.77,11.73,-9.76,1.78,-1.7,0.151
2020-2024,0.0,XLK,-2.0,3,114,0.38,0.27,0.11,59.65,9.35,-13.1,2.77,-3.15,0.035
2020-2024,0.0,XLK,-2.0,5,114,0.46,0.45,0.0,56.14,11.29,-17.04,3.74,-3.75,0.001
2020-2024,0.1,XLK,-2.0,1,114,0.25,0.09,0.16,57.02,11.63,-9.86,1.74,-1.73,0.09
2020-2024,0.1,XLK,-2.0,3,114,0.28,0.27,0.01,57.89,9.25,-13.2,2.75,-3.12,0.003
2020-2024,0.1,XLK,-2.0,5,114,0.36,0.45,-0.1,54.39,11.19,-17.14,3.76,-3.7,-0.026
2020-2024,0.25,XLK,-2.0,1,114,0.1,0.09,0.01,52.63,11.48,-10.01,1.73,-1.72,0.003
2020-2024,0.25,XLK,-2.0,3,114,0.13,0.27,-0.14,57.02,9.1,-13.35,2.64,-3.2,-0.044
2020-2024,0.25,XLK,-2.0,5,114,0.21,0.45,-0.25,51.75,11.04,-17.29,3.8,-3.64,-0.067
2020-2024,0.5,XLK,-2.0,1,114,-0.15,0.09,-0.24,45.61,11.23,-10.26,1.73,-1.73,-0.141
2020-2024,0.5,XLK,-2.0,3,114,-0.12,0.27,-0.39,52.63,8.85,-13.6,2.6,-3.14,-0.124
2020-2024,0.5,XLK,-2.0,5,114,-0.04,0.45,-0.5,50.0,10.79,-17.54,3.67,-3.76,-0.132
2020-2024,0.0,XLK,-2.5,1,74,0.45,0.09,0.36,55.41,11.73,-9.76,2.19,-1.72,0.206
2020-2024,0.0,XLK,-2.5,3,74,0.11,0.27,-0.16,51.35,9.35,-13.1,3.2,-3.15,-0.051
2020-2024,0.0,XLK,-2.5,5,74,0.3,0.45,-0.16,51.35,11.29,-17.04,4.04,-3.66,-0.043
2020-2024,0.1,XLK,-2.5,1,74,0.35,0.09,0.26,54.05,11.63,-9.86,2.15,-1.77,0.144
2020-2024,0.1,XLK,-2.5,3,74,0.01,0.27,-0.26,51.35,9.25,-13.2,3.1,-3.25,-0.08
2020-2024,0.1,XLK,-2.5,5,74,0.2,0.45,-0.26,50.0,11.19,-17.14,4.05,-3.66,-0.071
2020-2024,0.25,XLK,-2.5,1,74,0.2,0.09,0.11,50.0,11.48,-10.01,2.17,-1.78,0.059
2020-2024,0.25,XLK,-2.5,3,74,-0.14,0.27,-0.41,50.0,9.1,-13.35,3.04,-3.32,-0.124
2020-2024,0.25,XLK,-2.5,5,74,0.05,0.45,-0.41,45.95,11.04,-17.29,4.25,-3.53,-0.116
2020-2024,0.5,XLK,-2.5,1,74,-0.05,0.09,-0.14,44.59,11.23,-10.26,2.17,-1.84,-0.079
2020-2024,0.5,XLK,-2.5,3,74,-0.39,0.27,-0.66,48.65,8.85,-13.6,2.86,-3.47,-0.19
2020-2024,0.5,XLK,-2.5,5,74,-0.2,0.45,-0.66,44.59,10.79,-17.54,4.12,-3.68,-0.179
2020-2024,0.0,XLK,-3.0,1,44,0.46,0.09,0.37,56.82,11.73,-9.76,2.3,-1.96,0.189
2020-2024,0.0,XLK,-3.0,3,44,-0.22,0.27,-0.49,50.0,9.35,-13.1,3.17,-3.61,-0.136
2020-2024,0.0,XLK,-3.0,5,44,-0.31,0.45,-0.76,43.18,11.29,-17.04,4.48,-3.95,-0.193
2020-2024,0.1,XLK,-3.0,1,44,0.36,0.09,0.27,54.55,11.63,-9.86,2.29,-1.96,0.138
2020-2024,0.1,XLK,-3.0,3,44,-0.32,0.27,-0.59,50.0,9.25,-13.2,3.07,-3.71,-0.159
2020-2024,0.1,XLK,-3.0,5,44,-0.41,0.45,-0.86,40.91,11.19,-17.14,4.62,-3.89,-0.222
2020-2024,0.25,XLK,-3.0,1,44,0.21,0.09,0.12,52.27,11.48,-10.01,2.24,-2.01,0.059
2020-2024,0.25,XLK,-3.0,3,44,-0.47,0.27,-0.74,47.73,9.1,-13.35,3.07,-3.7,-0.2
2020-2024,0.25,XLK,-3.0,5,44,-0.56,0.45,-1.01,38.64,11.04,-17.29,4.74,-3.89,-0.26
2020-2024,0.5,XLK,-3.0,1,44,-0.04,0.09,-0.13,45.45,11.23,-10.26,2.31,-1.99,-0.065
2020-2024,0.5,XLK,-3.0,3,44,-0.72,0.27,-0.99,45.45,8.85,-13.6,2.96,-3.78,-0.262
2020-2024,0.5,XLK,-3.0,5,44,-0.81,0.45,-1.26,38.64,10.79,-17.54,4.49,-4.14,-0.305
2020-2024,0.0,XLF,-1.0,1,226,0.09,0.06,0.03,51.77,13.16,-10.81,1.7,-1.64,0.021
2020-2024,0.0,XLF,-1.0,3,226,0.17,0.17,-0.0,54.87,22.71,-12.92,2.55,-2.74,-0.001
2020-2024,0.0,XLF,-1.0,5,226,0.33,0.28,0.05,56.64,21.23,-22.99,3.2,-3.42,0.014
2020-2024,0.1,XLF,-1.0,1,226,-0.01,0.06,-0.07,49.56,13.06,-10.91,1.67,-1.66,-0.039
2020-2024,0.1,XLF,-1.0,3,226,0.07,0.17,-0.1,52.21,22.61,-13.02,2.58,-2.68,-0.039
2020-2024,0.1,XLF,-1.0,5,226,0.23,0.28,-0.05,54.87,21.13,-23.09,3.2,-3.39,-0.016
2020-2024,0.25,XLF,-1.0,1,226,-0.16,0.06,-0.22,46.02,12.91,-11.06,1.65,-1.7,-0.127
2020-2024,0.25,XLF,-1.0,3,226,-0.08,0.17,-0.25,50.0,22.46,-13.17,2.54,-2.71,-0.094
2020-2024,0.25,XLF,-1.0,5,226,0.08,0.28,-0.2,53.1,20.98,-23.24,3.16,-3.41,-0.06
2020-2024,0.5,XLF,-1.0,1,226,-0.41,0.06,-0.47,39.82,12.66,-11.31,1.64,-1.76,-0.264
2020-2024,0.5,XLF,-1.0,3,226,-0.33,0.17,-0.5,46.9,22.21,-13.42,2.45,-2.79,-0.18
2020-2024,0.5,XLF,-1.0,5,226,-0.17,0.28,-0.45,49.56,20.73,-23.49,3.13,-3.41,-0.133
2020-2024,0.0,XLF,-1.5,1,137,0.06,0.06,0.0,48.91,13.16,-10.81,2.19,-1.98,0.002
2020-2024,0.0,XLF,-1.5,3,137,-0.1,0.17,-0.27,53.28,22.71,-12.92,2.88,-3.51,-0.077
2020-2024,0.0,XLF,-1.5,5,137,0.22,0.28,-0.06,54.74,21.23,-22.99,3.73,-4.01,-0.015
2020-2024,0.1,XLF,-1.5,1,137,-0.04,0.06,-0.1,46.72,13.06,-10.91,2.2,-2.0,-0.048
2020-2024,0.1,XLF,-1.5,3,137,-0.2,0.17,-0.37,51.09,22.61,-13.02,2.9,-3.45,-0.108
2020-2024,0.1,XLF,-1.5,5,137,0.12,0.28,-0.16,54.01,21.13,-23.09,3.68,-4.05,-0.04
2020-2024,0.25,XLF,-1.5,1,137,-0.19,0.06,-0.25,44.53,12.91,-11.06,2.15,-2.07,-0.119
2020-2024,0.25,XLF,-1.5,3,137,-0.35,0.17,-0.52,48.91,22.46,-13.17,2.88,-3.45,-0.151
2020-2024,0.25,XLF,-1.5,5,137,-0.03,0.28,-0.31,53.28,20.98,-23.24,3.57,-4.13,-0.075
2020-2024,0.5,XLF,-1.5,1,137,-0.44,0.06,-0.5,40.15,12.66,-11.31,2.13,-2.16,-0.23
2020-2024,0.5,XLF,-1.5,3,137,-0.6,0.17,-0.77,45.99,22.21,-13.42,2.81,-3.51,-0.22
2020-2024,0.5,XLF,-1.5,5,137,-0.28,0.28,-0.56,50.36,20.73,-23.49,3.53,-4.13,-0.135
2020-2024,0.0,XLF,-2.0,1,82,-0.0,0.06,-0.06,47.56,13.16,-10.81,2.47,-2.24,-0.026
2020-2024,0.0,XLF,-2.0,3,82,-0.63,0.17,-0.8,48.78,22.71,-12.92,3.16,-4.23,-0.188
2020-2024,0.0,XLF,-2.0,5,82,-0.33,0.28,-0.61,48.78,21.23,-22.99,4.23,-4.67,-0.131
2020-2024,0.1,XLF,-2.0,1,82,-0.1,0.06,-0.16,46.34,13.06,-10.91,2.43,-2.29,-0.069
2020-2024,0.1,XLF,-2.0,3,82,-0.73,0.17,-0.9,46.34,22.61,-13.02,3.22,-4.14,-0.216
2020-2024,0.1,XLF,-2.0,5,82,-0.43,0.28,-0.71,48.78,21.13,-23.09,4.13,-4.77,-0.149
2020-2024,0.25,XLF,-2.0,1,82,-0.25,0.06,-0.31,43.9,12.91,-11.06,2.41,-2.34,-0.132
2020-2024,0.25,XLF,-2.0,3,82,-0.88,0.17,-1.05,45.12,22.46,-13.17,3.16,-4.2,-0.249
2020-2024,0.25,XLF,-2.0,5,82,-0.58,0.28,-0.86,47.56,20.98,-23.24,4.09,-4.8,-0.179
2020-2024,0.5,XLF,-2.0,1,82,-0.5,0.06,-0.56,37.8,12.66,-11.31,2.54,-2.35,-0.238
2020-2024,0.5,XLF,-2.0,3,82,-1.13,0.17,-1.3,42.68,22.21,-13.42,3.09,-4.26,-0.304
2020-2024,0.5,XLF,-2.0,5,82,-0.83,0.28,-1.11,45.12,20.73,-23.49,4.05,-4.84,-0.229
2020-2024,0.0,XLF,-2.5,1,55,0.05,0.06,-0.01,52.73,13.16,-10.81,2.73,-2.95,-0.003
2020-2024,0.0,XLF,-2.5,3,55,-0.98,0.17,-1.15,43.64,22.71,-12.92,3.83,-4.7,-0.244
2020-2024,0.0,XLF,-2.5,5,55,-1.05,0.28,-1.34,43.64,21.23,-22.99,4.73,-5.53,-0.242
2020-2024,0.1,XLF,-2.5,1,55,-0.05,0.06,-0.11,50.91,13.06,-10.91,2.73,-2.94,-0.037
2020-2024,0.1,XLF,-2.5,3,55,-1.08,0.17,-1.25,41.82,22.61,-13.02,3.9,-4.65,-0.268
2020-2024,0.1,XLF,-2.5,5,55,-1.15,0.28,-1.44,43.64,21.13,-23.09,4.63,-5.63,-0.255
2020-2024,0.25,XLF,-2.5,1,55,-0.2,0.06,-0.26,49.09,12.91,-11.06,2.68,-2.98,-0.087
2020-2024,0.25,XLF,-2.5,3,55,-1.23,0.17,-1.4,41.82,22.46,-13.17,3.75,-4.8,-0.291
2020-2024,0.25,XLF,-2.5,5,55,-1.3,0.28,-1.59,43.64,20.98,-23.24,4.48,-5.78,-0.274
2020-2024,0.5,XLF,-2.5,1,55,-0.45,0.06,-0.51,41.82,12.66,-11.31,2.88,-2.85,-0.179
2020-2024,0.5,XLF,-2.5,3,55,-1.48,0.17,-1.65,38.18,22.21,-13.42,3.85,-4.77,-0.345
2020-2024,0.5,XLF,-2.5,5,55,-1.55,0.28,-1.84,41.82,20.73,-23.49,4.43,-5.85,-0.314
2020-2024,0.0,XLF,-3.0,1,32,0.22,0.06,0.16,56.25,13.16,-10.81,3.4,-3.87,0.042
2020-2024,0.0,XLF,-3.0,3,32,-1.32,0.17,-1.48,40.62,22.71,-12.92,4.84,-5.53,-0.268
2020-2024,0.0,XLF,-3.0,5,32,-1.85,0.28,-2.13,34.38,21.23,-22.99,6.7,-6.33,-0.337
2020-2024,0.1,XLF,-3.0,1,32,0.12,0.06,0.06,53.12,13.06,-10.91,3.49,-3.71,0.017
2020-2024,0.1,XLF,-3.0,3,32,-1.42,0.17,-1.58,40.62,22.61,-13.02,4.74,-5.63,-0.281
2020-2024,0.1,XLF,-3.0,5,32,-1.95,0.28,-2.23,34.38,21.13,-23.09,6.6,-6.43,-0.348
2020-2024,0.25,XLF,-3.0,1,32,-0.03,0.06,-0.09,53.12,12.91,-11.06,3.34,-3.86,-0.023
2020-2024,0.25,XLF,-3.0,3,32,-1.57,0.17,-1.73,40.62,22.46,-13.17,4.59,-5.78,-0.3
2020-2024,0.25,XLF,-3.0,5,32,-2.1,0.28,-2.38,34.38,20.98,-23.24,6.45,-6.58,-0.362
2020-2024,0.5,XLF,-3.0,1,32,-0.28,0.06,-0.34,46.88,12.66,-11.31,3.52,-3.64,-0.093
2020-2024,0.5,XLF,-3.0,3,32,-1.82,0.17,-1.98,37.5,22.21,-13.42,4.72,-5.74,-0.346
2020-2024,0.5,XLF,-3.0,5,32,-2.35,0.28,-2.63,34.38,20.73,-23.49,6.2,-6.83,-0.386
2020-2024,0.0,XLE,-1.0,1,315,0.01,0.07,-0.06,49.84,16.04,-20.14,1.89,-1.85,-0.033
2020-2024,0.0,XLE,-1.0,3,315,0.09,0.21,-0.12,52.38,28.94,-21.05,3.29,-3.43,-0.035
2020-2024,0.0,XLE,-1.0,5,315,0.28,0.36,-0.07,53.33,23.9,-34.55,4.22,-4.22,-0.018
2020-2024,0.1,XLE,-1.0,1,315,-0.09,0.07,-0.16,48.25,15.94,-20.24,1.85,-1.89,-0.085
2020-2024,0.1,XLE,-1.0,3,315,-0.01,0.21,-0.22,51.75,28.84,-21.15,3.23,-3.48,-0.063
2020-2024,0.1,XLE,-1.0,5,315,0.18,0.36,-0.17,52.7,23.8,-34.65,4.17,-4.26,-0.041
2020-2024,0.25,XLE,-1.0,1,315,-0.24,0.07,-0.31,44.44,15.79,-20.39,1.85,-1.91,-0.163
2020-2024,0.25,XLE,-1.0,3,315,-0.16,0.21,-0.37,49.52,28.69,-21.3,3.23,-3.48,-0.106
2020-2024,0.25,XLE,-1.0,5,315,0.03,0.36,-0.32,52.06,23.65,-34.8,4.07,-4.35,-0.074
2020-2024,0.5,XLE,-1.0,1,315,-0.49,0.07,-0.56,39.37,15.54,-20.64,1.82,-1.99,-0.282
2020-2024,0.5,XLE,-1.0,3,315,-0.41,0.21,-0.62,47.62,28.44,-21.55,3.1,-3.59,-0.172
2020-2024,0.5,XLE,-1.0,5,315,-0.22,0.36,-0.57,47.94,23.4,-35.05,4.16,-4.25,-0.135
2020-2024,0.0,XLE,-1.5,1,234,0.11,0.07,0.04,51.71,16.04,-20.14,2.01,-1.91,0.022
2020-2024,0.0,XLE,-1.5,3,234,0.23,0.21,0.02,54.27,28.94,-21.05,3.41,-3.55,0.005
2020-2024,0.0,XLE,-1.5,5,234,0.4,0.36,0.05,52.99,23.9,-34.55,4.6,-4.33,0.011
2020-2024,0.1,XLE,-1.5,1,234,0.01,0.07,-0.06,49.57,15.94,-20.24,1.99,-1.93,-0.03
2020-2024,0.1,XLE,-1.5,3,234,0.13,0.21,-0.08,53.85,28.84,-21.15,3.34,-3.62,-0.023
2020-2024,0.1,XLE,-1.5,5,234,0.3,0.36,-0.05,52.56,23.8,-34.65,4.54,-4.39,-0.012
2020-2024,0.25,XLE,-1.5,1,234,-0.14,0.07,-0.21,46.15,15.79,-20.39,1.98,-1.95,-0.106
2020-2024,0.25,XLE,-1.5,3,234,-0.02,0.21,-0.23,50.85,28.69,-21.3,3.38,-3.54,-0.065
2020-2024,0.25,XLE,-1.5,5,234,0.15,0.36,-0.2,51.71,23.65,-34.8,4.46,-4.46,-0.045
2020-2024,0.5,XLE,-1.5,1,234,-0.39,0.07,-0.46,41.45,15.54,-20.64,1.94,-2.03,-0.225
2020-2024,0.5,XLE,-1.5,3,234,-0.27,0.21,-0.48,48.72,28.44,-21.55,3.27,-3.64,-0.133
2020-2024,0.5,XLE,-1.5,5,234,-0.1,0.36,-0.45,48.29,23.4,-35.05,4.51,-4.4,-0.103
2020-2024,0.0,XLE,-2.0,1,164,0.07,0.07,-0.0,52.44,16.04,-20.14,2.16,-2.23,-0.001
2020-2024,0.0,XLE,-2.0,3,164,0.22,0.21,0.01,54.27,28.94,-21.05,3.81,-4.03,0.003
2020-2024,0.0,XLE,-2.0,5,164,0.39,0.36,0.03,50.61,23.9,-34.55,5.36,-4.71,0.006
2020-2024,0.1,XLE,-2.0,1,164,-0.03,0.07,-0.1,50.61,15.94,-20.24,2.13,-2.25,-0.045
2020-2024,0.1,XLE,-2.0,3,164,0.12,0.21,-0.09,54.27,28.84,-21.15,3.71,-4.13,-0.022
2020-2024,0.1,XLE,-2.0,5,164,0.29,0.36,-0.07,50.0,23.8,-34.65,5.33,-4.75,-0.015
2020-2024,0.25,XLE,-2.0,1,164,-0.18,0.07,-0.25,46.34,15.79,-20.39,2.17,-2.21,-0.114
2020-2024,0.25,XLE,-2.0,3,164,-0.03,0.21,-0.24,52.44,28.69,-21.3,3.69,-4.12,-0.058
2020-2024,0.25,XLE,-2.0,5,164,0.14,0.36,-0.22,50.0,23.65,-34.8,5.18,-4.9,-0.045
2020-2024,0.5,XLE,-2.0,1,164,-0.43,0.07,-0.5,42.07,15.54,-20.64,2.12,-2.29,-0.22
2020-2024,0.5,XLE,-2.0,3,164,-0.28,0.21,-0.49,50.0,28.44,-21.55,3.61,-4.16,-0.117
2020-2024,0.5,XLE,-2.0,5,164,-0.11,0.36,-0.47,48.17,23.4,-35.05,5.11,-4.97,-0.094
2020-2024,0.0,XLE,-2.5,1,110,0.08,0.07,0.01,54.55,16.04,-20.14,2.33,-2.62,0.004
2020-2024,0.0,XLE,-2.5,3,110,0.32,0.21,0.11,59.09,28.94,-21.05,3.93,-4.9,0.021
2020-2024,0.0,XLE,-2.5,5,110,0.59,0.36,0.23,54.55,23.9,-34.55,5.74,-5.59,0.042
2020-2024,0.1,XLE,-2.5,1,110,-0.02,0.07,-0.09,52.73,15.94,-20.24,2.31,-2.61,-0.034
2020-2024,0.1,XLE,-2.5,3,110,0.22,0.21,0.01,59.09,28.84,-21.15,3.83,-5.0,0.001
2020-2024,0.1,XLE,-2.5,5,110,0.49,0.36,0.13,54.55,23.8,-34.65,5.64,-5.69,0.024
2020-2024,0.25,XLE,-2.5,1,110,-0.17,0.07,-0.24,48.18,15.79,-20.39,2.37,-2.53,-0.095
2020-2024,0.25,XLE,-2.5,3,110,0.07,0.21,-0.14,56.36,28.69,-21.3,3.86,-4.83,-0.03
2020-2024,0.25,XLE,-2.5,5,110,0.34,0.36,-0.02,54.55,23.65,-34.8,5.49,-5.84,-0.003
2020-2024,0.5,XLE,-2.5,1,110,-0.42,0.07,-0.49,43.64,15.54,-20.64,2.34,-2.56,-0.192
2020-2024,0.5,XLE,-2.5,3,110,-0.18,0.21,-0.39,53.64,28.44,-21.55,3.8,-4.79,-0.082
2020-2024,0.5,XLE,-2.5,5,110,0.09,0.36,-0.27,52.73,23.4,-35.05,5.42,-5.86,-0.045
2020-2024,0.0,XLE,-3.0,1,75,0.12,0.07,0.05,56.0,16.04,-20.14,2.68,-3.14,0.015
2020-2024,0.0,XLE,-3.0,3,75,0.07,0.21,-0.14,58.67,28.94,-21.05,4.36,-6.02,-0.024
2020-2024,0.0,XLE,-3.0,5,75,0.25,0.36,-0.11,56.0,23.9,-34.55,6.25,-7.4,-0.015
2020-2024,0.1,XLE,-3.0,1,75,0.02,0.07,-0.05,53.33,15.94,-20.24,2.71,-3.06,-0.017
2020-2024,0.1,XLE,-3.0,3,75,-0.03,0.21,-0.24,58.67,28.84,-21.15,4.26,-6.12,-0.04
2020-2024,0.1,XLE,-3.0,5,75,0.15,0.36,-0.21,56.0,23.8,-34.65,6.15,-7.5,-0.028
2020-2024,0.25,XLE,-3.0,1,75,-0.13,0.07,-0.2,49.33,15.79,-20.39,2.77,-2.96,-0.069
2020-2024,0.25,XLE,-3.0,3,75,-0.18,0.21,-0.39,56.0,28.69,-21.3,4.31,-5.89,-0.067
2020-2024,0.25,XLE,-3.0,5,75,-0.0,0.36,-0.36,56.0,23.65,-34.8,6.0,-7.65,-0.047
2020-2024,0.5,XLE,-3.0,1,75,-0.38,0.07,-0.45,46.67,15.54,-20.64,2.67,-3.05,-0.149
2020-2024,0.5,XLE,-3.0,3,75,-0.43,0.21,-0.64,52.0,28.44,-21.55,4.38,-5.64,-0.114
2020-2024,0.5,XLE,-3.0,5,75,-0.25,0.36,-0.61,53.33,23.4,-35.05,6.04,-7.45,-0.082
2020-2024,0.0,XLV,-1.0,1,150,0.09,0.04,0.05,46.0,7.71,-7.47,1.34,-0.98,0.054
2020-2024,0.0,XLV,-1.0,3,150,0.08,0.11,-0.03,56.0,16.39,-10.81,1.8,-2.15,-0.014
2020-2024,0.0,XLV,-1.0,5,150,0.28,0.18,0.09,58.0,19.23,-13.2,2.29,-2.56,0.036
2020-2024,0.1,XLV,-1.0,1,150,-0.01,0.04,-0.05,42.0,7.61,-7.57,1.36,-1.01,-0.047
2020-2024,0.1,XLV,-1.0,3,150,-0.02,0.11,-0.13,54.0,16.29,-10.91,1.77,-2.15,-0.06
2020-2024,0.1,XLV,-1.0,5,150,0.18,0.18,-0.01,56.0,19.13,-13.3,2.27,-2.54,-0.003
2020-2024,0.25,XLV,-1.0,1,150,-0.16,0.04,-0.2,37.33,7.46,-7.72,1.38,-1.07,-0.183
2020-2024,0.25,XLV,-1.0,3,150,-0.17,0.11,-0.28,52.0,16.14,-11.06,1.68,-2.2,-0.127
2020-2024,0.25,XLV,-1.0,5,150,0.03,0.18,-0.16,54.67,18.98,-13.45,2.18,-2.61,-0.06
2020-2024,0.5,XLV,-1.0,1,150,-0.41,0.04,-0.45,32.67,7.21,-7.97,1.31,-1.24,-0.359
2020-2024,0.5,XLV,-1.0,3,150,-0.42,0.11,-0.53,46.0,15.89,-11.31,1.64,-2.19,-0.241
2020-2024,0.5,XLV,-1.0,5,150,-0.22,0.18,-0.41,46.67,18.73,-13.7,2.27,-2.44,-0.167
2020-2024,0.0,XLV,-1.5,1,70,0.19,0.04,0.15,48.57,7.71,-7.47,1.72,-1.26,0.118
2020-2024,0.0,XLV,-1.5,3,70,-0.02,0.11,-0.13,55.71,16.39,-10.81,2.07,-2.65,-0.049
2020-2024,0.0,XLV,-1.5,5,70,0.39,0.18,0.21,60.0,19.23,-13.2,2.79,-3.21,0.064
2020-2024,0.1,XLV,-1.5,1,70,0.09,0.04,0.05,45.71,7.61,-7.57,1.72,-1.29,0.037
2020-2024,0.1,XLV,-1.5,3,70,-0.12,0.11,-0.23,55.71,16.29,-10.91,1.97,-2.75,-0.083
2020-2024,0.1,XLV,-1.5,5,70,0.29,0.18,0.11,60.0,19.13,-13.3,2.69,-3.31,0.032
2020-2024,0.25,XLV,-1.5,1,70,-0.06,0.04,-0.1,42.86,7.46,-7.72,1.68,-1.37,-0.074
2020-2024,0.25,XLV,-1.5,3,70,-0.27,0.11,-0.38,55.71,16.14,-11.06,1.82,-2.9,-0.131
2020-2024,0.25,XLV,-1.5,5,70,0.14,0.18,-0.04,60.0,18.98,-13.45,2.54,-3.46,-0.013
2020-2024,0.5,XLV,-1.5,1,70,-0.31,0.04,-0.35,37.14,7.21,-7.97,1.66,-1.48,-0.237
2020-2024,0.5,XLV,-1.5,3,70,-0.52,0.11,-0.63,50.0,15.89,-11.31,1.76,-2.8,-0.225
2020-2024,0.5,XLV,-1.5,5,70,-0.11,0.18,-0.29,51.43,18.73,-13.7,2.68,-3.07,-0.096
2020-2024,0.0,XLV,-2.0,1,36,0.55,0.04,0.51,58.33,7.71,-7.47,2.35,-1.96,0.262
2020-2024,0.0,XLV,-2.0,3,36,-0.04,0.11,-0.15,61.11,16.39,-10.81,2.57,-4.13,-0.036
2020-2024,0.0,XLV,-2.0,5,36,0.57,0.18,0.38,61.11,19.23,-13.2,3.94,-4.73,0.081
2020-2024,0.1,XLV,-2.0,1,36,0.45,0.04,0.41,55.56,7.61,-7.57,2.36,-1.94,0.214
2020-2024,0.1,XLV,-2.0,3,36,-0.14,0.11,-0.25,61.11,16.29,-10.91,2.47,-4.23,-0.059
2020-2024,0.1,XLV,-2.0,5,36,0.47,0.18,0.28,61.11,19.13,-13.3,3.84,-4.83,0.058
2020-2024,0.25,XLV,-2.0,1,36,0.3,0.04,0.26,52.78,7.46,-7.72,2.33,-1.97,0.135
2020-2024,0.25,XLV,-2.0,3,36,-0.29,0.11,-0.4,61.11,16.14,-11.06,2.32,-4.38,-0.091
2020-2024,0.25,XLV,-2.0,5,36,0.32,0.18,0.13,61.11,18.98,-13.45,3.69,-4.98,0.026
2020-2024,0.5,XLV,-2.0,1,36,0.05,0.04,0.01,47.22,7.21,-7.97,2.34,-1.99,0.007
2020-2024,0.5,XLV,-2.0,3,36,-0.54,0.11,-0.65,55.56,15.89,-11.31,2.29,-4.08,-0.159
2020-2024,0.5,XLV,-2.0,5,36,0.07,0.18,-0.12,58.33,18.73,-13.7,3.61,-4.89,-0.024
2020-2024,0.0,XLV,-2.5,1,25,0.43,0.04,0.39,56.0,7.71,-7.47,2.39,-2.08,0.187
2020-2024,0.0,XLV,-2.5,3,25,0.05,0.11,-0.06,64.0,16.39,-10.81,2.95,-5.09,-0.011
2020-2024,0.0,XLV,-2.5,5,25,0.76,0.18,0.58,52.0,19.23,-11.27,5.1,-3.93,0.148
2020-2024,0.1,XLV,-2.5,1,25,0.33,0.04,0.29,52.0,7.61,-7.57,2.47,-2.0,0.145
2020-2024,0.1,XLV,-2.5,3,25,-0.05,0.11,-0.16,64.0,16.29,-10.91,2.85,-5.19,-0.03
2020-2024,0.1,XLV,-2.5,5,25,0.66,0.18,0.48,52.0,19.13,-11.37,5.0,-4.03,0.119
2020-2024,0.25,XLV,-2.5,1,25,0.18,0.04,0.14,48.0,7.46,-7.72,2.52,-1.99,0.07
2020-2024,0.25,XLV,-2.5,3,25,-0.2,0.11,-0.31,64.0,16.14,-11.06,2.7,-5.34,-0.057
2020-2024,0.25,XLV,-2.5,5,25,0.51,0.18,0.33,52.0,18.98,-11.52,4.85,-4.18,0.079
2020-2024,0.5,XLV,-2.5,1,25,-0.07,0.04,-0.11,40.0,7.21,-7.97,2.74,-1.95,-0.057
2020-2024,0.5,XLV,-2.5,3,25,-0.45,0.11,-0.56,60.0,15.89,-11.31,2.62,-5.05,-0.11
2020-2024,0.5,XLV,-2.5,5,25,0.26,0.18,0.08,52.0,18.73,-11.77,4.6,-4.43,0.018
2020-2024,0.0,XLV,-3.0,1,18,0.59,0.04,0.56,55.56,7.71,-7.47,3.15,-2.6,0.214
2020-2024,0.0,XLV,-3.0,3,18,-0.18,0.11,-0.29,61.11,16.39,-10.81,3.63,-6.17,-0.047
2020-2024,0.0,XLV,-3.0,5,18,0.73,0.18,0.54,50.0,19.23,-11.27,6.25,-4.8,0.113
2020-2024,0.1,XLV,-3.0,1,18,0.49,0.04,0.46,50.0,7.61,-7.57,3.39,-2.41,0.189
2020-2024,0.1,XLV,-3.0,3,18,-0.28,0.11,-0.39,61.11,16.29,-10.91,3.53,-6.27,-0.062
2020-2024,0.1,XLV,-3.0,5,18,0.63,0.18,0.44,50.0,19.13,-11.37,6.15,-4.9,0.09
2020-2024,0.25,XLV,-3.0,1,18,0.34,0.04,0.31,50.0,7.46,-7.72,3.24,-2.56,0.12
2020-2024,0.25,XLV,-3.0,3,18,-0.43,0.11,-0.54,61.11,16.14,-11.06,3.38,-6.42,-0.084
2020-2024,0.25,XLV,-3.0,5,18,0.48,0.18,0.29,50.0,18.98,-11.52,6.0,-5.05,0.058
2020-2024,0.5,XLV,-3.0,1,18,0.09,0.04,0.06,50.0,7.21,-7.97,2.99,-2.81,0.02
2020-2024,0.5,XLV,-3.0,3,18,-0.68,0.11,-0.79,55.56,15.89,-11.31,3.46,-5.86,-0.135
2020-2024,0.5,XLV,-3.0,5,18,0.23,0.18,0.04,50.0,18.73,-11.77,5.75,-5.3,0.008
